﻿codigo_disciplina,nome_disciplina,creditos,codigo_turma,professor,sala,vagas,dia,inicio,fim
ADM01134,ADMINISTRAÇÃO E FINANÇAS,4,C,GILBERTO TAVARES DOS SANTOS,700 Anfiteatro do Prédio da Engenharia Nova - Campus: Centro,1,SEGUNDA,16:30,18:10
ADM01134,ADMINISTRAÇÃO E FINANÇAS,4,C,GILBERTO TAVARES DOS SANTOS,700 Anfiteatro do Prédio da Engenharia Nova - Campus: Centro,1,QUARTA,16:30,18:10
MAT01355,ÁLGEBRA LINEAR I - A,4,B1,Thaisa Raupp Tamusiunas,Sala 101 - Campus: Vale,5,TERCA,10:30,12:10
MAT01355,ÁLGEBRA LINEAR I - A,4,B1,Thaisa Raupp Tamusiunas,Sala 101 - Campus: Vale,5,QUINTA,10:30,12:10
MAT01355,ÁLGEBRA LINEAR I - A,4,C1,ADRIANA NEUMANN DE OLIVEIRA,Sala 101 - Campus: Vale,15,TERCA,13:30,15:10
MAT01355,ÁLGEBRA LINEAR I - A,4,C1,ADRIANA NEUMANN DE OLIVEIRA,Sala 101 - Campus: Vale,15,QUINTA,13:30,15:10
MAT01355,ÁLGEBRA LINEAR I - A,4,D1,LEANDRO FARINA,Sala 101 - Campus: Vale,1,TERCA,15:30,17:10
MAT01355,ÁLGEBRA LINEAR I - A,4,D1,LEANDRO FARINA,Sala 101 - Campus: Vale,1,QUINTA,15:30,17:10
MAT01355,ÁLGEBRA LINEAR I - A,4,D2,ADRIANA NEUMANN DE OLIVEIRA,Sala 102 - Campus: Vale,11,TERCA,15:30,17:10
MAT01355,ÁLGEBRA LINEAR I - A,4,D2,ADRIANA NEUMANN DE OLIVEIRA,Sala 102 - Campus: Vale,11,QUINTA,15:30,17:10
MAT01355,ÁLGEBRA LINEAR I - A,4,E1,LUCAS HENRIQUE BACKES,Sala 101 - Campus: Vale,3,TERCA,18:30,20:10
MAT01355,ÁLGEBRA LINEAR I - A,4,E1,LUCAS HENRIQUE BACKES,Sala 101 - Campus: Vale,3,QUINTA,18:30,20:10
INF01202,ALGORÍTMOS E PROGRAMAÇÃO - CIC,6,A,MARCELO WALTER,SALA DE AULA 112 - PRÉDIO 43425 - Campus: Vale,5,SEGUNDA,13:30,15:10
INF01202,ALGORÍTMOS E PROGRAMAÇÃO - CIC,6,A,MARCELO WALTER,SALA DE AULA 112 - PRÉDIO 43425 - Campus: Vale,5,QUARTA,13:30,15:10
INF01202,ALGORÍTMOS E PROGRAMAÇÃO - CIC,6,A,MARCELO WALTER,SALA DE AULA 102 - PRÉDIO 43425 - Campus: Vale,5,QUINTA,13:30,15:10
INF01202,ALGORÍTMOS E PROGRAMAÇÃO - CIC,6,B,MARCELO WALTER,SALA DE AULA 112 - PRÉDIO 43425 - Campus: Vale,9,SEGUNDA,13:30,15:10
INF01202,ALGORÍTMOS E PROGRAMAÇÃO - CIC,6,B,MARCELO WALTER,SALA DE AULA 112 - PRÉDIO 43425 - Campus: Vale,9,QUARTA,13:30,15:10
INF01202,ALGORÍTMOS E PROGRAMAÇÃO - CIC,6,B,MARCELO WALTER,SALA DE AULA 102 - PRÉDIO 43425 - Campus: Vale,9,QUINTA,15:30,17:10
INF01202,ALGORÍTMOS E PROGRAMAÇÃO - CIC,6,C,ERIKA FERNANDES COTA,SALA DE AULA 112 - PRÉDIO 43425 - Campus: Vale,16,SEGUNDA,15:30,17:10
INF01202,ALGORÍTMOS E PROGRAMAÇÃO - CIC,6,C,ERIKA FERNANDES COTA,SALA DE AULA 112 - PRÉDIO 43425 - Campus: Vale,16,QUARTA,15:30,17:10
INF01202,ALGORÍTMOS E PROGRAMAÇÃO - CIC,6,C,ERIKA FERNANDES COTA,SALA DE AULA 104 - PRÉDIO 43425 - Campus: Vale,16,QUINTA,13:30,15:10
INF01202,ALGORÍTMOS E PROGRAMAÇÃO - CIC,6,D,ERIKA FERNANDES COTA,SALA DE AULA 112 - PRÉDIO 43425 - Campus: Vale,7,SEGUNDA,15:30,17:10
INF01202,ALGORÍTMOS E PROGRAMAÇÃO - CIC,6,D,ERIKA FERNANDES COTA,SALA DE AULA 112 - PRÉDIO 43425 - Campus: Vale,7,QUARTA,15:30,17:10
INF01202,ALGORÍTMOS E PROGRAMAÇÃO - CIC,6,D,ERIKA FERNANDES COTA,SALA DE AULA 104 - PRÉDIO 43425 - Campus: Vale,7,QUINTA,15:30,17:10
INF01202,ALGORÍTMOS E PROGRAMAÇÃO - CIC,6,E,RENAN DE QUEIROZ MAFFEI,SALA DE AULA 112 - PRÉDIO 43425 - Campus: Vale,3,TERCA,13:30,15:10
INF01202,ALGORÍTMOS E PROGRAMAÇÃO - CIC,6,E,RENAN DE QUEIROZ MAFFEI,SALA DE AULA 112 - PRÉDIO 43425 - Campus: Vale,3,QUINTA,13:30,15:10
INF01202,ALGORÍTMOS E PROGRAMAÇÃO - CIC,6,E,RENAN DE QUEIROZ MAFFEI,SALA DE AULA 102 - PRÉDIO 43425 - Campus: Vale,3,SEXTA,13:30,15:10
INF01202,ALGORÍTMOS E PROGRAMAÇÃO - CIC,6,F,RENAN DE QUEIROZ MAFFEI,SALA DE AULA 112 - PRÉDIO 43425 - Campus: Vale,12,TERCA,13:30,15:10
INF01202,ALGORÍTMOS E PROGRAMAÇÃO - CIC,6,F,RENAN DE QUEIROZ MAFFEI,SALA DE AULA 112 - PRÉDIO 43425 - Campus: Vale,12,QUINTA,13:30,15:10
INF01202,ALGORÍTMOS E PROGRAMAÇÃO - CIC,6,F,RENAN DE QUEIROZ MAFFEI,SALA DE AULA 102 - PRÉDIO 43425 - Campus: Vale,12,SEXTA,15:30,17:10
INF01202,ALGORÍTMOS E PROGRAMAÇÃO - CIC,6,G,CARLA MARIA DAL SASSO FREITAS,SALA DE AULA 112 - PRÉDIO 43425 - Campus: Vale,2,TERCA,15:30,17:10
INF01202,ALGORÍTMOS E PROGRAMAÇÃO - CIC,6,G,CARLA MARIA DAL SASSO FREITAS,SALA DE AULA 112 - PRÉDIO 43425 - Campus: Vale,2,QUINTA,15:30,17:10
INF01202,ALGORÍTMOS E PROGRAMAÇÃO - CIC,6,G,CARLA MARIA DAL SASSO FREITAS,SALA DE AULA 104 - PRÉDIO 43425 - Campus: Vale,2,SEXTA,13:30,15:10
INF01202,ALGORÍTMOS E PROGRAMAÇÃO - CIC,6,H,CARLA MARIA DAL SASSO FREITAS,SALA DE AULA 112 - PRÉDIO 43425 - Campus: Vale,10,TERCA,15:30,17:10
INF01202,ALGORÍTMOS E PROGRAMAÇÃO - CIC,6,H,CARLA MARIA DAL SASSO FREITAS,SALA DE AULA 112 - PRÉDIO 43425 - Campus: Vale,10,QUINTA,15:30,17:10
INF01202,ALGORÍTMOS E PROGRAMAÇÃO - CIC,6,H,CARLA MARIA DAL SASSO FREITAS,SALA DE AULA 104 - PRÉDIO 43425 - Campus: Vale,10,SEXTA,15:30,17:10
INF01017,APRENDIZADO DE MÁQUINA,4,U,MARIANA RECAMONDE MENDOZA GUERREIRO,AUDITÓRIO 0 - Campus: Vale,20,TERCA,10:30,12:10
INF01017,APRENDIZADO DE MÁQUINA,4,U,MARIANA RECAMONDE MENDOZA GUERREIRO,AUDITÓRIO 0 - Campus: Vale,20,QUINTA,10:30,12:10
INF01108,ARQUITETURA E ORGANIZAÇÃO DE COMPUTADORES I,4,A,FERNANDA GUSMAO DE LIMA KASTENSMIDT,AUDITÓRIO 1 - Campus: Vale,8,SEGUNDA,10:30,12:10
INF01108,ARQUITETURA E ORGANIZAÇÃO DE COMPUTADORES I,4,A,FERNANDA GUSMAO DE LIMA KASTENSMIDT,Laboratório de Ensino 104 - 43413 - Campus: Vale,8,QUARTA,10:30,12:10
INF01108,ARQUITETURA E ORGANIZAÇÃO DE COMPUTADORES I,4,B,SERGIO LUIS CECHIN,SALA DE AULA 109 - PRÉDIO 43425 - Campus: Vale,20,TERCA,15:30,17:10
INF01108,ARQUITETURA E ORGANIZAÇÃO DE COMPUTADORES I,4,B,SERGIO LUIS CECHIN,SALA DE AULA 109 - PRÉDIO 43425 - Campus: Vale,20,QUINTA,15:30,17:10
INF01108,ARQUITETURA E ORGANIZAÇÃO DE COMPUTADORES I,4,C,MARCELO DE OLIVEIRA JOHANN,SALA DE AULA 118 - PRÉDIO 43425 - Campus: Vale,20,TERCA,10:30,12:10
INF01108,ARQUITETURA E ORGANIZAÇÃO DE COMPUTADORES I,4,C,MARCELO DE OLIVEIRA JOHANN,Laboratório de Ensino 104 - 43413 - Campus: Vale,20,QUINTA,10:30,12:10
INF01112,ARQUITETURA E ORGANIZAÇÃO DE COMPUTADORES II,4,A,Arthur Francisco Lorenzon,AUDITÓRIO 0 - Campus: Vale,15,SEGUNDA,13:30,15:10
INF01112,ARQUITETURA E ORGANIZAÇÃO DE COMPUTADORES II,4,A,Arthur Francisco Lorenzon,AUDITÓRIO 0 - Campus: Vale,15,QUARTA,13:30,15:10
INF01112,ARQUITETURA E ORGANIZAÇÃO DE COMPUTADORES II,4,B,JOAO CESAR NETTO,AUDITÓRIO 0 - Campus: Vale,15,TERCA,15:30,17:10
INF01112,ARQUITETURA E ORGANIZAÇÃO DE COMPUTADORES II,4,B,JOAO CESAR NETTO,AUDITÓRIO 0 - Campus: Vale,15,QUINTA,15:30,17:10
INF01191,ARQUITETURAS AVANÇADAS DE COMPUTADORES,4,U,ANTONIO CARLOS SCHNEIDER BECK FILHO,SALA DE AULA 113 - PRÉDIO 43425 - Campus: Vale,20,SEGUNDA,8:30,10:10
INF01191,ARQUITETURAS AVANÇADAS DE COMPUTADORES,4,U,ANTONIO CARLOS SCHNEIDER BECK FILHO,SALA DE AULA 113 - PRÉDIO 43425 - Campus: Vale,20,QUARTA,8:30,10:10
INF01146,AVALIAÇÃO DE DESEMPENHO,4,U,LUCAS MELLO SCHNORR,SALA DE AULA 116 - PRÉDIO 43425 - Campus: Vale,10,SEGUNDA,8:30,10:10
INF01146,AVALIAÇÃO DE DESEMPENHO,4,U,LUCAS MELLO SCHNORR,SALA DE AULA 116 - PRÉDIO 43425 - Campus: Vale,10,QUARTA,8:30,10:10
INF01205,CAD PARA SISTEMAS DIGITAIS,4,U,ANDRE INACIO REIS,Sala de Aula 108 - 43413 - Campus: Vale,10,TERCA,13:30,15:10
INF01205,CAD PARA SISTEMAS DIGITAIS,4,U,ANDRE INACIO REIS,Sala de Aula 108 - 43413 - Campus: Vale,10,QUINTA,13:30,15:10
MAT01353,CÁLCULO E GEOMETRIA ANALÍTICA I - A,6,A2,JOSE AFONSO BARRIONUEVO,Sala 103 - Campus: Vale,10,SEGUNDA,8:30,10:10
MAT01353,CÁLCULO E GEOMETRIA ANALÍTICA I - A,6,A2,JOSE AFONSO BARRIONUEVO,Sala 103 - Campus: Vale,10,QUARTA,8:30,10:10
MAT01353,CÁLCULO E GEOMETRIA ANALÍTICA I - A,6,A2,JOSE AFONSO BARRIONUEVO,Sala 103 - Campus: Vale,10,SEXTA,8:30,10:10
MAT01353,CÁLCULO E GEOMETRIA ANALÍTICA I - A,6,B1,JOSE AFONSO BARRIONUEVO,Sala 101 - Campus: Vale,26,SEGUNDA,10:30,12:10
MAT01353,CÁLCULO E GEOMETRIA ANALÍTICA I - A,6,B1,JOSE AFONSO BARRIONUEVO,Sala 101 - Campus: Vale,26,QUARTA,10:30,12:10
MAT01353,CÁLCULO E GEOMETRIA ANALÍTICA I - A,6,B1,JOSE AFONSO BARRIONUEVO,Sala 101 - Campus: Vale,26,SEXTA,10:30,12:10
MAT01353,CÁLCULO E GEOMETRIA ANALÍTICA I - A,6,D2,JOAO MATHEUS JURY GIRALDI,Sala 102 - Campus: Vale,6,SEGUNDA,15:30,17:10
MAT01353,CÁLCULO E GEOMETRIA ANALÍTICA I - A,6,D2,JOAO MATHEUS JURY GIRALDI,Sala 102 - Campus: Vale,6,QUARTA,15:30,17:10
MAT01353,CÁLCULO E GEOMETRIA ANALÍTICA I - A,6,D2,JOAO MATHEUS JURY GIRALDI,Sala 102 - Campus: Vale,6,SEXTA,15:30,17:10
MAT01353,CÁLCULO E GEOMETRIA ANALÍTICA I - A,6,E1,Cibele Aparecida Ladeia,Sala 104 - Campus: Vale,8,SEGUNDA,18:30,20:10
MAT01353,CÁLCULO E GEOMETRIA ANALÍTICA I - A,6,E1,Cibele Aparecida Ladeia,Sala 104 - Campus: Vale,8,QUARTA,18:30,20:10
MAT01353,CÁLCULO E GEOMETRIA ANALÍTICA I - A,6,E1,Cibele Aparecida Ladeia,Sala 104 - Campus: Vale,8,SEXTA,18:30,20:10
MAT01354,CÁLCULO E GEOMETRIA ANALÍTICA II - A,6,A2,VIRGINIA MARIA RODRIGUES,Sala 104 - Campus: Vale,3,SEGUNDA,8:30,10:10
MAT01354,CÁLCULO E GEOMETRIA ANALÍTICA II - A,6,A2,VIRGINIA MARIA RODRIGUES,Sala 104 - Campus: Vale,3,QUARTA,8:30,10:10
MAT01354,CÁLCULO E GEOMETRIA ANALÍTICA II - A,6,A2,VIRGINIA MARIA RODRIGUES,Sala 104 - Campus: Vale,3,SEXTA,8:30,10:10
MAT01354,CÁLCULO E GEOMETRIA ANALÍTICA II - A,6,B1,JACQUES AVELINE LOUREIRO DA SILVA,Sala 102 - Campus: Vale,38,SEGUNDA,10:30,12:10
MAT01354,CÁLCULO E GEOMETRIA ANALÍTICA II - A,6,B1,JACQUES AVELINE LOUREIRO DA SILVA,Sala 102 - Campus: Vale,38,QUARTA,10:30,12:10
MAT01354,CÁLCULO E GEOMETRIA ANALÍTICA II - A,6,B1,JACQUES AVELINE LOUREIRO DA SILVA,Sala 102 - Campus: Vale,38,SEXTA,10:30,12:10
MAT01354,CÁLCULO E GEOMETRIA ANALÍTICA II - A,6,E1,NEWTON LOEBENS,Sala 101 - Campus: Vale,3,SEGUNDA,18:30,20:10
MAT01354,CÁLCULO E GEOMETRIA ANALÍTICA II - A,6,E1,NEWTON LOEBENS,Sala 101 - Campus: Vale,3,QUARTA,18:30,20:10
MAT01354,CÁLCULO E GEOMETRIA ANALÍTICA II - A,6,E1,NEWTON LOEBENS,Sala 101 - Campus: Vale,3,SEXTA,18:30,20:10
MAT01169,CÁLCULO NUMÉRICO,6,A1,EVANDRO MANICA,F115 Laboratório de Informática - Campus: Vale,2,SEGUNDA,8:30,10:10
MAT01169,CÁLCULO NUMÉRICO,6,A1,EVANDRO MANICA,F115 Laboratório de Informática - Campus: Vale,2,QUARTA,8:30,10:10
MAT01169,CÁLCULO NUMÉRICO,6,A1,EVANDRO MANICA,F115 Laboratório de Informática - Campus: Vale,2,SEXTA,8:30,10:10
MAT01169,CÁLCULO NUMÉRICO,6,B1,FABIO SOUTO DE AZEVEDO,F115 Laboratório de Informática - Campus: Vale,5,SEGUNDA,10:30,12:10
MAT01169,CÁLCULO NUMÉRICO,6,B1,FABIO SOUTO DE AZEVEDO,F115 Laboratório de Informática - Campus: Vale,5,QUARTA,10:30,12:10
MAT01169,CÁLCULO NUMÉRICO,6,B1,FABIO SOUTO DE AZEVEDO,F115 Laboratório de Informática - Campus: Vale,5,SEXTA,10:30,12:10
MAT01169,CÁLCULO NUMÉRICO,6,D1,ALVARO LUIZ DE BORTOLI,F115 Laboratório de Informática - Campus: Vale,1,SEGUNDA,15:30,17:10
MAT01169,CÁLCULO NUMÉRICO,6,D1,ALVARO LUIZ DE BORTOLI,F115 Laboratório de Informática - Campus: Vale,1,QUARTA,15:30,17:10
MAT01169,CÁLCULO NUMÉRICO,6,D1,ALVARO LUIZ DE BORTOLI,F115 Laboratório de Informática - Campus: Vale,1,SEXTA,15:30,17:10
MAT01169,CÁLCULO NUMÉRICO,6,E1,ROBERT HENRIQUE RODRIGUES GUTERRES,F115 Laboratório de Informática - Campus: Vale,2,SEGUNDA,18:30,20:10
MAT01169,CÁLCULO NUMÉRICO,6,E1,ROBERT HENRIQUE RODRIGUES GUTERRES,F115 Laboratório de Informática - Campus: Vale,2,QUARTA,18:30,20:10
MAT01169,CÁLCULO NUMÉRICO,6,E1,ROBERT HENRIQUE RODRIGUES GUTERRES,F115 Laboratório de Informática - Campus: Vale,2,SEXTA,18:30,20:10
INF01058,CIRCUITOS DIGITAIS,4,A,Mateus Grellert da Silva,Sala de Aula 108 - 43413 - Campus: Vale,10,TERCA,10:30,12:10
INF01058,CIRCUITOS DIGITAIS,4,A,Mateus Grellert da Silva,Sala de Aula 108 - 43413 - Campus: Vale,10,QUINTA,10:30,12:10
INF01058,CIRCUITOS DIGITAIS,4,B,RENATO PEREZ RIBAS,Sala de Aula 108 - 43413 - Campus: Vale,10,SEGUNDA,8:30,10:10
INF01058,CIRCUITOS DIGITAIS,4,B,RENATO PEREZ RIBAS,Sala de Aula 108 - 43413 - Campus: Vale,10,QUARTA,8:30,10:10
INF01058,CIRCUITOS DIGITAIS,4,C,ANDRE INACIO REIS,Sala de Aula 108 - 43413 - Campus: Vale,10,SEGUNDA,10:30,12:10
INF01058,CIRCUITOS DIGITAIS,4,C,ANDRE INACIO REIS,Sala de Aula 108 - 43413 - Campus: Vale,10,QUARTA,10:30,12:10
ENG10001,CIRCUITOS ELÉTRICOS I - C,4,A,CARLOS EDUARDO PEREIRA,sala de aula 052 - Campus: Centro,5,SEGUNDA,13:30,15:10
ENG10001,CIRCUITOS ELÉTRICOS I - C,4,A,CARLOS EDUARDO PEREIRA,sala de aula 052 - Campus: Centro,5,QUARTA,13:30,15:10
ENG10001,CIRCUITOS ELÉTRICOS I - C,4,B,WALTER FETTER LAGES,Sala 304 do(a) Escola de Engenharia (Eletrotécnico) - Campus: Centro,5,TERCA,13:30,15:10
ENG10001,CIRCUITOS ELÉTRICOS I - C,4,B,WALTER FETTER LAGES,Sala 304 do(a) Escola de Engenharia (Eletrotécnico) - Campus: Centro,5,QUINTA,13:30,15:10
ENG10002,CIRCUITOS ELÉTRICOS II - C,4,A,BIBIANA MAITÊ PETRY FERRAZ,Sala 303 do(a) Escola de Engenharia (Eletrotécnico) - Campus: Centro,5,TERCA,13:30,15:10
ENG10002,CIRCUITOS ELÉTRICOS II - C,4,A,BIBIANA MAITÊ PETRY FERRAZ,Sala 303 do(a) Escola de Engenharia (Eletrotécnico) - Campus: Centro,5,QUINTA,13:30,15:10
ENG10002,CIRCUITOS ELÉTRICOS II - C,4,B,ALCEU HEINKE FRIGERI,Sala 303 do(a) Escola de Engenharia (Eletrotécnico) - Campus: Centro,5,SEGUNDA,13:30,15:10
ENG10002,CIRCUITOS ELÉTRICOS II - C,4,B,ALCEU HEINKE FRIGERI,Sala 303 do(a) Escola de Engenharia (Eletrotécnico) - Campus: Centro,5,SEXTA,13:30,15:10
ENG04077,CIRCUITOS ELETRÔNICOS I,6,A,HAMILTON DUARTE KLIMACH,Sala 303 do(a) Escola de Engenharia (Eletrotécnico) - Campus: Centro,3,TERCA,10:30,12:10
ENG04077,CIRCUITOS ELETRÔNICOS I,6,A,HAMILTON DUARTE KLIMACH,202 - Laboratório de Ensino de Graduação - Campus: Centro,3,TERCA,13:30,15:10
ENG04077,CIRCUITOS ELETRÔNICOS I,6,A,HAMILTON DUARTE KLIMACH,Sala 303 do(a) Escola de Engenharia (Eletrotécnico) - Campus: Centro,3,QUINTA,10:30,12:10
ENG04077,CIRCUITOS ELETRÔNICOS I,6,B,HAMILTON DUARTE KLIMACH,Sala 303 do(a) Escola de Engenharia (Eletrotécnico) - Campus: Centro,3,TERCA,10:30,12:10
ENG04077,CIRCUITOS ELETRÔNICOS I,6,B,HAMILTON DUARTE KLIMACH,202 - Laboratório de Ensino de Graduação - Campus: Centro,3,TERCA,15:30,17:10
ENG04077,CIRCUITOS ELETRÔNICOS I,6,B,HAMILTON DUARTE KLIMACH,Sala 303 do(a) Escola de Engenharia (Eletrotécnico) - Campus: Centro,3,QUINTA,10:30,12:10
ENG04077,CIRCUITOS ELETRÔNICOS I,6,E,GILSON INACIO WIRTH,Sala 304 do(a) Escola de Engenharia (Eletrotécnico) - Campus: Centro,9,SEGUNDA,8:30,10:10
ENG04077,CIRCUITOS ELETRÔNICOS I,6,E,GILSON INACIO WIRTH,202 - Laboratório de Ensino de Graduação - Campus: Centro,9,SEGUNDA,10:30,12:10
ENG04077,CIRCUITOS ELETRÔNICOS I,6,E,GILSON INACIO WIRTH,Sala 304 do(a) Escola de Engenharia (Eletrotécnico) - Campus: Centro,9,QUARTA,8:30,10:10
ENG04077,CIRCUITOS ELETRÔNICOS I,6,F,GILSON INACIO WIRTH,Sala 304 do(a) Escola de Engenharia (Eletrotécnico) - Campus: Centro,9,SEGUNDA,8:30,10:10
ENG04077,CIRCUITOS ELETRÔNICOS I,6,F,GILSON INACIO WIRTH,Sala 304 do(a) Escola de Engenharia (Eletrotécnico) - Campus: Centro,9,QUARTA,8:30,10:10
ENG04077,CIRCUITOS ELETRÔNICOS I,6,F,GILSON INACIO WIRTH,202 - Laboratório de Ensino de Graduação - Campus: Centro,9,QUARTA,10:30,12:10
ENG04077,CIRCUITOS ELETRÔNICOS I,6,G,GILSON INACIO WIRTH,Sala 304 do(a) Escola de Engenharia (Eletrotécnico) - Campus: Centro,14,SEGUNDA,8:30,10:10
ENG04077,CIRCUITOS ELETRÔNICOS I,6,G,GILSON INACIO WIRTH,Sala 304 do(a) Escola de Engenharia (Eletrotécnico) - Campus: Centro,14,QUARTA,8:30,10:10
ENG04077,CIRCUITOS ELETRÔNICOS I,6,G,GILSON INACIO WIRTH,202 - Laboratório de Ensino de Graduação - Campus: Centro,14,SEXTA,13:30,15:10
ENG04078,CIRCUITOS ELETRÔNICOS II,4,A,ADALBERTO SCHUCK JUNIOR,Sala 304 do(a) Escola de Engenharia (Eletrotécnico) - Campus: Centro,2,SEGUNDA,13:30,15:10
ENG04078,CIRCUITOS ELETRÔNICOS II,4,A,ADALBERTO SCHUCK JUNIOR,202 - Laboratório de Ensino de Graduação - Campus: Centro,2,SEGUNDA,15:30,17:10
ENG04078,CIRCUITOS ELETRÔNICOS II,4,B,ADALBERTO SCHUCK JUNIOR,Sala 304 do(a) Escola de Engenharia (Eletrotécnico) - Campus: Centro,2,SEGUNDA,13:30,15:10
ENG04078,CIRCUITOS ELETRÔNICOS II,4,B,ADALBERTO SCHUCK JUNIOR,202 - Laboratório de Ensino de Graduação - Campus: Centro,2,QUARTA,13:30,15:10
ENG04078,CIRCUITOS ELETRÔNICOS II,4,C,ADALBERTO SCHUCK JUNIOR,Sala 304 do(a) Escola de Engenharia (Eletrotécnico) - Campus: Centro,2,SEGUNDA,13:30,15:10
ENG04078,CIRCUITOS ELETRÔNICOS II,4,C,ADALBERTO SCHUCK JUNIOR,202 - Laboratório de Ensino de Graduação - Campus: Centro,2,SEXTA,15:30,17:10
INF01124,CLASSIFICAÇÃO E PESQUISA DE DADOS,4,A,JOAO LUIZ DIHL COMBA,SALA DE AULA 116 - PRÉDIO 43425 - Campus: Vale,14,TERCA,10:30,12:10
INF01124,CLASSIFICAÇÃO E PESQUISA DE DADOS,4,A,JOAO LUIZ DIHL COMBA,SALA DE AULA 116 - PRÉDIO 43425 - Campus: Vale,14,QUINTA,10:30,12:10
INF01124,CLASSIFICAÇÃO E PESQUISA DE DADOS,4,B,Lana Bertoldo Rossato,SALA DE AULA 116 - PRÉDIO 43425 - Campus: Vale,14,TERCA,13:30,15:10
INF01124,CLASSIFICAÇÃO E PESQUISA DE DADOS,4,B,Lana Bertoldo Rossato,SALA DE AULA 116 - PRÉDIO 43425 - Campus: Vale,14,QUINTA,13:30,15:10
INF01147,COMPILADORES,4,A,MARCELO DE OLIVEIRA JOHANN,SALA DE AULA 118 - PRÉDIO 43425 - Campus: Vale,15,TERCA,15:30,17:10
INF01147,COMPILADORES,4,A,MARCELO DE OLIVEIRA JOHANN,SALA DE AULA 118 - PRÉDIO 43425 - Campus: Vale,15,QUINTA,15:30,17:10
INF01147,COMPILADORES,4,B,LUCAS MELLO SCHNORR,AUDITÓRIO 1 - Campus: Vale,15,TERCA,10:30,12:10
INF01147,COMPILADORES,4,B,LUCAS MELLO SCHNORR,AUDITÓRIO 1 - Campus: Vale,15,QUINTA,10:30,12:10
INF05515,COMPLEXIDADE DE ALGORITMOS - B,4,A,André Grahl Pereira,SALA DE AULA 109 - PRÉDIO 43425 - Campus: Vale,5,SEGUNDA,10:30,12:10
INF05515,COMPLEXIDADE DE ALGORITMOS - B,4,A,André Grahl Pereira,SALA DE AULA 109 - PRÉDIO 43425 - Campus: Vale,5,QUARTA,10:30,12:10
INF05515,COMPLEXIDADE DE ALGORITMOS - B,4,B,LUCAS NUNES ALEGRE,SALA DE AULA 109 - PRÉDIO 43425 - Campus: Vale,8,SEGUNDA,13:30,15:10
INF05515,COMPLEXIDADE DE ALGORITMOS - B,4,B,LUCAS NUNES ALEGRE,SALA DE AULA 109 - PRÉDIO 43425 - Campus: Vale,8,QUARTA,13:30,15:10
INF01005,COMUNICAÇÃO DE DADOS,4,U,GABRIEL LUCA NAZAR,SALA DE AULA 111 - PRÉDIO 43425 - Campus: Vale,15,TERCA,8:30,10:10
INF01005,COMUNICAÇÃO DE DADOS,4,U,GABRIEL LUCA NAZAR,SALA DE AULA 111 - PRÉDIO 43425 - Campus: Vale,15,QUINTA,8:30,10:10
INF01185,CONCEPÇÃO DE CIRCUITOS INTEGRADOS I,4,U,SERGIO BAMPI,Sala de Aula 108 - 43413 - Campus: Vale,30,TERCA,15:30,17:10
INF01185,CONCEPÇÃO DE CIRCUITOS INTEGRADOS I,4,U,SERGIO BAMPI,Sala de Aula 108 - 43413 - Campus: Vale,30,QUINTA,15:30,17:10
INF01194,CONCEPÇÃO DE CIRCUITOS INTEGRADOS II,4,U,Claudio Machado Diniz,Laboratório de Ensino 103 - 43413 - Campus: Vale,30,TERCA,13:30,15:10
INF01194,CONCEPÇÃO DE CIRCUITOS INTEGRADOS II,4,U,Claudio Machado Diniz,Laboratório de Ensino 103 - 43413 - Campus: Vale,30,QUINTA,13:30,15:10
INF01032,EMPREENDIMENTO EM INFORMÁTICA,4,A,ERIKA FERNANDES COTA,SALA DE AULA 116 - PRÉDIO 43425 - Campus: Vale,8,SEXTA,8:30,11:50
INF01032,EMPREENDIMENTO EM INFORMÁTICA,4,B,ALEXANDRE DA SILVA CARISSIMI,SALA DE AULA 108 - PRÉDIO 43425 - Campus: Vale,7,SEXTA,8:30,11:50
INF01127,ENGENHARIA DE SOFTWARE N,4,A,LETICIA DOS SANTOS MACHADO,SALA DE AULA 112 - PRÉDIO 43425 - Campus: Vale,14,SEGUNDA,10:30,12:10
INF01127,ENGENHARIA DE SOFTWARE N,4,A,LETICIA DOS SANTOS MACHADO,SALA DE AULA 112 - PRÉDIO 43425 - Campus: Vale,14,QUARTA,10:30,12:10
INF01127,ENGENHARIA DE SOFTWARE N,4,B,LUCINÉIA HELOISA THOM,SALA DE AULA 116 - PRÉDIO 43425 - Campus: Vale,9,TERCA,15:30,17:10
INF01127,ENGENHARIA DE SOFTWARE N,4,B,LUCINÉIA HELOISA THOM,SALA DE AULA 116 - PRÉDIO 43425 - Campus: Vale,9,QUINTA,15:30,17:10
MAT01167,EQUAÇÕES DIFERENCIAIS II,6,B1,SUSANA FROMETA FERNANDEZ,F101 - Campus: Vale,25,SEGUNDA,10:30,12:10
MAT01167,EQUAÇÕES DIFERENCIAIS II,6,B1,SUSANA FROMETA FERNANDEZ,F101 - Campus: Vale,25,QUARTA,10:30,12:10
MAT01167,EQUAÇÕES DIFERENCIAIS II,6,B1,SUSANA FROMETA FERNANDEZ,F101 - Campus: Vale,25,SEXTA,10:30,12:10
MAT01167,EQUAÇÕES DIFERENCIAIS II,6,B3,ARTHUR MIRANDA DO ESPIRITO SANTO,Sala 106 - Campus: Vale,0,SEGUNDA,10:30,12:10
MAT01167,EQUAÇÕES DIFERENCIAIS II,6,B3,ARTHUR MIRANDA DO ESPIRITO SANTO,Sala 106 - Campus: Vale,0,QUARTA,10:30,12:10
MAT01167,EQUAÇÕES DIFERENCIAIS II,6,B3,ARTHUR MIRANDA DO ESPIRITO SANTO,Sala 106 - Campus: Vale,0,SEXTA,10:30,12:10
MAT01167,EQUAÇÕES DIFERENCIAIS II,6,D1,LUIS GUSTAVO DONINELLI MENDES,Sala 103 - Campus: Vale,18,SEGUNDA,15:30,17:10
MAT01167,EQUAÇÕES DIFERENCIAIS II,6,D1,LUIS GUSTAVO DONINELLI MENDES,Sala 103 - Campus: Vale,18,QUARTA,15:30,17:10
MAT01167,EQUAÇÕES DIFERENCIAIS II,6,D1,LUIS GUSTAVO DONINELLI MENDES,Sala 103 - Campus: Vale,18,SEXTA,15:30,17:10
INF01203,ESTRUTURAS DE DADOS,4,A,DENNIS GIOVANI BALREIRA,SALA DE AULA 116 - PRÉDIO 43425 - Campus: Vale,15,SEGUNDA,13:30,15:10
INF01203,ESTRUTURAS DE DADOS,4,A,DENNIS GIOVANI BALREIRA,SALA DE AULA 116 - PRÉDIO 43425 - Campus: Vale,15,QUARTA,13:30,15:10
INF01203,ESTRUTURAS DE DADOS,4,B,DENNIS GIOVANI BALREIRA,SALA DE AULA 116 - PRÉDIO 43425 - Campus: Vale,13,SEGUNDA,15:30,17:10
INF01203,ESTRUTURAS DE DADOS,4,B,DENNIS GIOVANI BALREIRA,SALA DE AULA 116 - PRÉDIO 43425 - Campus: Vale,13,QUARTA,15:30,17:10
INF01203,ESTRUTURAS DE DADOS,4,C,RENATA DE MATOS GALANTE,SALA DE AULA 108 - PRÉDIO 43425 - Campus: Vale,13,TERCA,13:30,15:10
INF01203,ESTRUTURAS DE DADOS,4,C,RENATA DE MATOS GALANTE,SALA DE AULA 108 - PRÉDIO 43425 - Campus: Vale,13,QUINTA,13:30,15:10
FIS01182,FÍSICA GERAL - ELETROMAGNETISMO,6,A,Marcus Vinicius Castegnaro,Sala G211 do(a) Instituto de Matemática/Física - Salas de Aulas Teóricas - Campus: Vale,5,SEGUNDA,8:30,10:10
FIS01182,FÍSICA GERAL - ELETROMAGNETISMO,6,A,Marcus Vinicius Castegnaro,Sala G211 do(a) Instituto de Matemática/Física - Salas de Aulas Teóricas - Campus: Vale,5,QUARTA,8:30,10:10
FIS01182,FÍSICA GERAL - ELETROMAGNETISMO,6,A,Marcus Vinicius Castegnaro,Sala G211 do(a) Instituto de Matemática/Física - Salas de Aulas Teóricas - Campus: Vale,5,SEXTA,8:30,10:10
FIS01182,FÍSICA GERAL - ELETROMAGNETISMO,6,AA,Marcus Vinicius Castegnaro,Sala G211 do(a) Instituto de Matemática/Física - Salas de Aulas Teóricas - Campus: Vale,20,SEGUNDA,8:30,10:10
FIS01182,FÍSICA GERAL - ELETROMAGNETISMO,6,AA,Marcus Vinicius Castegnaro,Sala G211 do(a) Instituto de Matemática/Física - Salas de Aulas Teóricas - Campus: Vale,20,QUARTA,8:30,10:10
FIS01182,FÍSICA GERAL - ELETROMAGNETISMO,6,AA,Marcus Vinicius Castegnaro,Sala G211 do(a) Instituto de Matemática/Física - Salas de Aulas Teóricas - Campus: Vale,20,SEXTA,8:30,10:10
FIS01182,FÍSICA GERAL - ELETROMAGNETISMO,6,BB,GILBERTO LIMA THOMAS,Sala G213 do(a) Instituto de Matemática/Física - Salas de Aulas Teóricas - Campus: Vale,10,SEGUNDA,8:30,10:10
FIS01182,FÍSICA GERAL - ELETROMAGNETISMO,6,BB,GILBERTO LIMA THOMAS,Sala G213 do(a) Instituto de Matemática/Física - Salas de Aulas Teóricas - Campus: Vale,10,QUARTA,8:30,10:10
FIS01182,FÍSICA GERAL - ELETROMAGNETISMO,6,BB,GILBERTO LIMA THOMAS,Sala G213 do(a) Instituto de Matemática/Física - Salas de Aulas Teóricas - Campus: Vale,10,SEXTA,8:30,10:10
FIS01182,FÍSICA GERAL - ELETROMAGNETISMO,6,H,ALEXANDRE DA CAS VIEGAS,Sala G213 do(a) Instituto de Matemática/Física - Salas de Aulas Teóricas - Campus: Vale,2,SEGUNDA,13:30,15:10
FIS01182,FÍSICA GERAL - ELETROMAGNETISMO,6,H,ALEXANDRE DA CAS VIEGAS,Sala G213 do(a) Instituto de Matemática/Física - Salas de Aulas Teóricas - Campus: Vale,2,QUARTA,13:30,15:10
FIS01182,FÍSICA GERAL - ELETROMAGNETISMO,6,H,ALEXANDRE DA CAS VIEGAS,Sala G213 do(a) Instituto de Matemática/Física - Salas de Aulas Teóricas - Campus: Vale,2,SEXTA,13:30,15:10
FIS01181,FÍSICA I-C,6,B3,GEOVANE NAYSINGER,Sala G216 do(a) Instituto de Matemática/Física - Salas de Aulas Teóricas - Campus: Vale,20,SEGUNDA,8:30,10:10
FIS01181,FÍSICA I-C,6,B3,GEOVANE NAYSINGER,Sala G216 do(a) Instituto de Matemática/Física - Salas de Aulas Teóricas - Campus: Vale,20,QUARTA,8:30,10:10
FIS01181,FÍSICA I-C,6,B3,GEOVANE NAYSINGER,Sala G216 do(a) Instituto de Matemática/Física - Salas de Aulas Teóricas - Campus: Vale,20,SEXTA,8:30,10:10
FIS01181,FÍSICA I-C,6,C1,ANTONIO ENDLER,Sala G220 do(a) Instituto de Matemática/Física - Salas de Aulas Teóricas - Campus: Vale,5,SEGUNDA,8:30,10:10
FIS01181,FÍSICA I-C,6,C1,ANTONIO ENDLER,Sala G220 do(a) Instituto de Matemática/Física - Salas de Aulas Teóricas - Campus: Vale,5,QUARTA,8:30,10:10
FIS01181,FÍSICA I-C,6,C1,ANTONIO ENDLER,Sala G220 do(a) Instituto de Matemática/Física - Salas de Aulas Teóricas - Campus: Vale,5,SEXTA,8:30,10:10
FIS01181,FÍSICA I-C,6,C2,ANTONIO ENDLER,Sala G220 do(a) Instituto de Matemática/Física - Salas de Aulas Teóricas - Campus: Vale,10,SEGUNDA,8:30,10:10
FIS01181,FÍSICA I-C,6,C2,ANTONIO ENDLER,Sala G220 do(a) Instituto de Matemática/Física - Salas de Aulas Teóricas - Campus: Vale,10,QUARTA,8:30,10:10
FIS01181,FÍSICA I-C,6,C2,ANTONIO ENDLER,Sala G220 do(a) Instituto de Matemática/Física - Salas de Aulas Teóricas - Campus: Vale,10,SEXTA,8:30,10:10
FIS01181,FÍSICA I-C,6,E3,JULIAN PENKOV GESHEV,Sala G216 do(a) Instituto de Matemática/Física - Salas de Aulas Teóricas - Campus: Vale,10,SEGUNDA,10:30,12:10
FIS01181,FÍSICA I-C,6,E3,JULIAN PENKOV GESHEV,Sala G216 do(a) Instituto de Matemática/Física - Salas de Aulas Teóricas - Campus: Vale,10,QUARTA,10:30,12:10
FIS01181,FÍSICA I-C,6,E3,JULIAN PENKOV GESHEV,Sala G216 do(a) Instituto de Matemática/Física - Salas de Aulas Teóricas - Campus: Vale,10,SEXTA,10:30,12:10
FIS01181,FÍSICA I-C,6,H1,GEOVANE NAYSINGER,Sala G216 do(a) Instituto de Matemática/Física - Salas de Aulas Teóricas - Campus: Vale,4,SEGUNDA,13:30,15:10
FIS01181,FÍSICA I-C,6,H1,GEOVANE NAYSINGER,Sala G216 do(a) Instituto de Matemática/Física - Salas de Aulas Teóricas - Campus: Vale,4,QUARTA,13:30,15:10
FIS01181,FÍSICA I-C,6,H1,GEOVANE NAYSINGER,Sala G216 do(a) Instituto de Matemática/Física - Salas de Aulas Teóricas - Campus: Vale,4,SEXTA,13:30,15:10
FIS01181,FÍSICA I-C,6,L3,LEANDRO LANGIE ARAUJO,Sala G220 do(a) Instituto de Matemática/Física - Salas de Aulas Teóricas - Campus: Vale,5,SEGUNDA,15:30,17:10
FIS01181,FÍSICA I-C,6,L3,LEANDRO LANGIE ARAUJO,Sala G220 do(a) Instituto de Matemática/Física - Salas de Aulas Teóricas - Campus: Vale,5,QUARTA,15:30,17:10
FIS01181,FÍSICA I-C,6,L3,LEANDRO LANGIE ARAUJO,Sala G220 do(a) Instituto de Matemática/Física - Salas de Aulas Teóricas - Campus: Vale,5,SEXTA,15:30,17:10
FIS01181,FÍSICA I-C,6,P3,GEOVANE NAYSINGER,Sala G220 do(a) Instituto de Matemática/Física - Salas de Aulas Teóricas - Campus: Vale,5,SEGUNDA,20:30,22:10
FIS01181,FÍSICA I-C,6,P3,GEOVANE NAYSINGER,Sala G220 do(a) Instituto de Matemática/Física - Salas de Aulas Teóricas - Campus: Vale,5,QUARTA,20:30,22:10
FIS01181,FÍSICA I-C,6,P3,GEOVANE NAYSINGER,Sala G220 do(a) Instituto de Matemática/Física - Salas de Aulas Teóricas - Campus: Vale,5,SEXTA,20:30,22:10
FIS01183,FÍSICA III-C,6,BB,MARCO AURELIO PIRES IDIART,Sala 108 - Campus: Vale,1,SEGUNDA,8:30,10:10
FIS01183,FÍSICA III-C,6,BB,MARCO AURELIO PIRES IDIART,Sala 108 - Campus: Vale,1,QUARTA,8:30,10:10
FIS01183,FÍSICA III-C,6,BB,MARCO AURELIO PIRES IDIART,Sala 108 - Campus: Vale,1,SEXTA,8:30,10:10
INF01145,FUNDAMENTOS DE BANCO DE DADOS,4,A,KARIN BECKER,SALA DE AULA 112 - PRÉDIO 43425 - Campus: Vale,8,SEGUNDA,8:30,10:10
INF01145,FUNDAMENTOS DE BANCO DE DADOS,4,A,KARIN BECKER,SALA DE AULA 112 - PRÉDIO 43425 - Campus: Vale,8,QUARTA,8:30,10:10
INF01145,FUNDAMENTOS DE BANCO DE DADOS,4,B,RENATA DE MATOS GALANTE,SALA DE AULA 111 - PRÉDIO 43425 - Campus: Vale,4,TERCA,15:30,17:10
INF01145,FUNDAMENTOS DE BANCO DE DADOS,4,B,RENATA DE MATOS GALANTE,SALA DE AULA 111 - PRÉDIO 43425 - Campus: Vale,4,QUINTA,15:30,17:10
INF01047,FUNDAMENTOS DE COMPUTAÇÃO GRÁFICA,4,U,EDUARDO SIMÕES LOPES GASTAL,SALA DE AULA 108 - PRÉDIO 43425 - Campus: Vale,6,TERCA,10:30,12:10
INF01047,FUNDAMENTOS DE COMPUTAÇÃO GRÁFICA,4,U,EDUARDO SIMÕES LOPES GASTAL,SALA DE AULA 108 - PRÉDIO 43425 - Campus: Vale,6,QUINTA,10:30,12:10
INF01046,FUNDAMENTOS DE PROCESSAMENTO DE IMAGENS,4,A,JACOB SCHARCANSKI,Laboratório de Ensino 104 - 43413 - Campus: Vale,10,TERCA,15:30,17:10
INF01046,FUNDAMENTOS DE PROCESSAMENTO DE IMAGENS,4,A,JACOB SCHARCANSKI,Laboratório de Ensino 104 - 43413 - Campus: Vale,10,QUINTA,15:30,17:10
INF01046,FUNDAMENTOS DE PROCESSAMENTO DE IMAGENS,4,B,MANUEL MENEZES DE OLIVEIRA NETO,SALA DE AULA 113 - PRÉDIO 43425 - Campus: Vale,10,SEGUNDA,13:30,15:10
INF01046,FUNDAMENTOS DE PROCESSAMENTO DE IMAGENS,4,B,MANUEL MENEZES DE OLIVEIRA NETO,SALA DE AULA 113 - PRÉDIO 43425 - Campus: Vale,10,QUARTA,13:30,15:10
INF01209,FUNDAMENTOS DE TOLERÂNCIA A FALHAS,4,U,SERGIO LUIS CECHIN,SALA DE AULA 113 - PRÉDIO 43425 - Campus: Vale,5,TERCA,13:30,15:10
INF01209,FUNDAMENTOS DE TOLERÂNCIA A FALHAS,4,U,SERGIO LUIS CECHIN,Laboratório de Ensino 104 - 43413 - Campus: Vale,5,QUINTA,13:30,15:10
INF01030,FUNDAMENTOS DE VISÃO COMPUTACIONAL,4,U,CLAUDIO ROSITO JUNG,SALA DE AULA 107 - P. 43425 - Campus: Vale,5,SEGUNDA,8:30,10:10
INF01030,FUNDAMENTOS DE VISÃO COMPUTACIONAL,4,U,CLAUDIO ROSITO JUNG,SALA DE AULA 107 - P. 43425 - Campus: Vale,5,QUARTA,8:30,10:10
INF01015,GERÊNCIA E APLICAÇÕES EM REDES,4,U,Jeferson Campos Nobre,Sala de Aula 108 - 43413 - Campus: Vale,15,SEGUNDA,13:30,15:10
INF01015,GERÊNCIA E APLICAÇÕES EM REDES,4,U,Jeferson Campos Nobre,Sala de Aula 108 - 43413 - Campus: Vale,15,QUARTA,13:30,15:10
INF01048,INTELIGÊNCIA ARTIFICIAL,4,A,Joel Luis Carbonera,SALA DE AULA 108 - PRÉDIO 43425 - Campus: Vale,16,TERCA,8:30,10:10
INF01048,INTELIGÊNCIA ARTIFICIAL,4,A,Joel Luis Carbonera,SALA DE AULA 108 - PRÉDIO 43425 - Campus: Vale,16,QUINTA,8:30,10:10
INF01048,INTELIGÊNCIA ARTIFICIAL,4,B,Joel Luis Carbonera,AUDITÓRIO 0 - Campus: Vale,16,TERCA,13:30,15:10
INF01048,INTELIGÊNCIA ARTIFICIAL,4,B,Joel Luis Carbonera,AUDITÓRIO 0 - Campus: Vale,16,QUINTA,13:30,15:10
INF01107,INTRODUÇÃO À ARQUITETURA DE COMPUTADORES,4,A,José Rodrigo Furlanetto de Azambuja,SALA DE AULA 114 - PRÉDIO 43425 - Campus: Vale,18,SEGUNDA,13:30,15:10
INF01107,INTRODUÇÃO À ARQUITETURA DE COMPUTADORES,4,A,José Rodrigo Furlanetto de Azambuja,SALA DE AULA 114 - PRÉDIO 43425 - Campus: Vale,18,QUARTA,13:30,15:10
INF01107,INTRODUÇÃO À ARQUITETURA DE COMPUTADORES,4,B,Claudio Machado Diniz,SALA DE AULA 114 - PRÉDIO 43425 - Campus: Vale,19,SEGUNDA,15:30,17:10
INF01107,INTRODUÇÃO À ARQUITETURA DE COMPUTADORES,4,B,Claudio Machado Diniz,SALA DE AULA 114 - PRÉDIO 43425 - Campus: Vale,19,QUARTA,15:30,17:10
INF01107,INTRODUÇÃO À ARQUITETURA DE COMPUTADORES,4,D,RENATO PEREZ RIBAS,SALA DE AULA 114 - PRÉDIO 43425 - Campus: Vale,12,TERCA,13:30,15:10
INF01107,INTRODUÇÃO À ARQUITETURA DE COMPUTADORES,4,D,RENATO PEREZ RIBAS,SALA DE AULA 114 - PRÉDIO 43425 - Campus: Vale,12,QUINTA,13:30,15:10
ECP99002,INTRODUÇÃO À ENGENHARIA DE COMPUTAÇÃO,2,U,RENATO VENTURA BAYAN HENRIQUES,Observação: Sala 307 do prédio Centenário da Escola de Engenharia - Campus Centro,39,TERCA,15:30,17:10
ENG10003,LABORATÓRIO DE CIRCUITOS ELÉTRICOS,2,A,TRISTAO JULIO GARCIA DOS SANTOS,200 - Laboratório de Ensino de Graduação - Campus: Centro,1,SEXTA,13:30,15:10
ENG10003,LABORATÓRIO DE CIRCUITOS ELÉTRICOS,2,B,TRISTAO JULIO GARCIA DOS SANTOS,200 - Laboratório de Ensino de Graduação - Campus: Centro,2,SEXTA,15:30,17:10
ENG10003,LABORATÓRIO DE CIRCUITOS ELÉTRICOS,2,C,TRISTAO JULIO GARCIA DOS SANTOS,200 - Laboratório de Ensino de Graduação - Campus: Centro,1,TERCA,13:30,15:10
ENG10003,LABORATÓRIO DE CIRCUITOS ELÉTRICOS,2,D,TRISTAO JULIO GARCIA DOS SANTOS,200 - Laboratório de Ensino de Graduação - Campus: Centro,1,TERCA,15:30,17:10
EDU03071,LÍNGUA BRASILEIRA DE SINAIS (LIBRAS),2,E,CAMILA GUEDES GUERRA,0503 SALA DE AULA - Campus: Centro,2,TERCA,18:30,20:10
EDU03071,LÍNGUA BRASILEIRA DE SINAIS (LIBRAS),2,L1,Bruna Fagundes Antunes Alberton,SALA 0304 SALA AULA - Campus: Centro,2,SEGUNDA,16:30,18:10
EDU03071,LÍNGUA BRASILEIRA DE SINAIS (LIBRAS),2,S1,FERNANDO HENRIQUE FOGAÇA CARNEIRO,0511SALA DE AULA - Campus: Centro,2,SEGUNDA,18:30,20:10
EDU03071,LÍNGUA BRASILEIRA DE SINAIS (LIBRAS),2,V1,EMILIANA FARIA ROSA,0612 - SALA DE AULA - Campus: Centro,2,TERCA,8:30,10:10
INF05508,LÓGICA PARA COMPUTAÇÃO,4,A,ROSA MARIA VICARI,SALA DE AULA 109 - PRÉDIO 43425 - Campus: Vale,15,TERCA,10:30,12:10
INF05508,LÓGICA PARA COMPUTAÇÃO,4,A,ROSA MARIA VICARI,SALA DE AULA 109 - PRÉDIO 43425 - Campus: Vale,15,QUINTA,10:30,12:10
INF05508,LÓGICA PARA COMPUTAÇÃO,4,B,MARCIO DORN,SALA DE AULA 107 - P. 43425 - Campus: Vale,13,TERCA,15:30,17:10
INF05508,LÓGICA PARA COMPUTAÇÃO,4,B,MARCIO DORN,SALA DE AULA 107 - P. 43425 - Campus: Vale,13,QUINTA,15:30,17:10
INF05508,LÓGICA PARA COMPUTAÇÃO,4,C,LUCIO MAURO DUARTE,SALA DE AULA 109 - PRÉDIO 43425 - Campus: Vale,25,TERCA,8:30,10:10
INF05508,LÓGICA PARA COMPUTAÇÃO,4,C,LUCIO MAURO DUARTE,SALA DE AULA 109 - PRÉDIO 43425 - Campus: Vale,25,QUINTA,8:30,10:10
MAT01168,MATEMÁTICA APLICADA II,6,B,Álvaro Krüger Ramos,Sala 105 - Campus: Vale,25,SEGUNDA,10:30,12:10
MAT01168,MATEMÁTICA APLICADA II,6,B,Álvaro Krüger Ramos,Sala 105 - Campus: Vale,25,QUARTA,10:30,12:10
MAT01168,MATEMÁTICA APLICADA II,6,B,Álvaro Krüger Ramos,Sala 105 - Campus: Vale,25,SEXTA,10:30,12:10
MAT01168,MATEMÁTICA APLICADA II,6,D,ESEQUIA SAUTER,Sala 104 - Campus: Vale,5,SEGUNDA,15:30,17:10
MAT01168,MATEMÁTICA APLICADA II,6,D,ESEQUIA SAUTER,Sala 104 - Campus: Vale,5,QUARTA,15:30,17:10
MAT01168,MATEMÁTICA APLICADA II,6,D,ESEQUIA SAUTER,Sala 104 - Campus: Vale,5,SEXTA,15:30,17:10
MAT01375,MATEMÁTICA DISCRETA B,4,A,RICARDO MISTURINI,Sala 103 - Campus: Vale,42,TERCA,8:30,10:10
MAT01375,MATEMÁTICA DISCRETA B,4,A,RICARDO MISTURINI,Sala 103 - Campus: Vale,42,QUINTA,8:30,10:10
MAT01375,MATEMÁTICA DISCRETA B,4,B,RICARDO MISTURINI,Sala 103 - Campus: Vale,43,TERCA,10:30,12:10
MAT01375,MATEMÁTICA DISCRETA B,4,B,RICARDO MISTURINI,Sala 103 - Campus: Vale,43,QUINTA,10:30,12:10
INF01216,MODELAGEM E GERENCIAMENTO DE PROCESSOS DE NEGÓCIO,4,U,LUCINÉIA HELOISA THOM,SALA DE AULA 112 - PRÉDIO 43425 - Campus: Vale,10,TERCA,10:30,12:10
INF01216,MODELAGEM E GERENCIAMENTO DE PROCESSOS DE NEGÓCIO,4,U,LUCINÉIA HELOISA THOM,SALA DE AULA 112 - PRÉDIO 43425 - Campus: Vale,10,QUINTA,10:30,12:10
INF01121,MODELOS DE LINGUAGEM DE PROGRAMAÇÃO,4,U,LEANDRO KRUG WIVES,SALA DE AULA 111 - PRÉDIO 43425 - Campus: Vale,15,SEGUNDA,15:30,17:10
INF01121,MODELOS DE LINGUAGEM DE PROGRAMAÇÃO,4,U,LEANDRO KRUG WIVES,SALA DE AULA 111 - PRÉDIO 43425 - Campus: Vale,15,QUARTA,15:30,17:10
INF01113,ORGANIZAÇÃO DE COMPUTADORES B,4,A,LUIGI CARRO,SALA DE AULA 114 - PRÉDIO 43425 - Campus: Vale,10,TERCA,8:30,10:10
INF01113,ORGANIZAÇÃO DE COMPUTADORES B,4,A,LUIGI CARRO,SALA DE AULA 114 - PRÉDIO 43425 - Campus: Vale,10,QUINTA,8:30,10:10
INF01113,ORGANIZAÇÃO DE COMPUTADORES B,4,B,GABRIEL LUCA NAZAR,SALA DE AULA 114 - PRÉDIO 43425 - Campus: Vale,10,TERCA,10:30,12:10
INF01113,ORGANIZAÇÃO DE COMPUTADORES B,4,B,GABRIEL LUCA NAZAR,SALA DE AULA 114 - PRÉDIO 43425 - Campus: Vale,10,QUINTA,10:30,12:10
ENG04434,PRINCÍPIOS DE COMUNICAÇÃO,4,U,Ivan Müller,sala de aula 056 - Campus: Centro,5,TERCA,10:30,12:10
ENG04434,PRINCÍPIOS DE COMUNICAÇÃO,4,U,Ivan Müller,sala de aula 056 - Campus: Centro,5,QUINTA,10:30,12:10
MAT02219,PROBABILIDADE E ESTATÍSTICA,4,A1,MÁRCIA HELENA BARBIAN,Sala 106 - Campus: Vale,5,TERCA,8:30,10:10
MAT02219,PROBABILIDADE E ESTATÍSTICA,4,A1,MÁRCIA HELENA BARBIAN,Sala 106 - Campus: Vale,5,QUINTA,8:30,10:10
MAT02219,PROBABILIDADE E ESTATÍSTICA,4,B1,GUILHERME PUMI,Sala 201 do Prédio Salas de Aula Campus do Vale - 43324 - Campus: Vale,5,SEGUNDA,10:30,12:10
MAT02219,PROBABILIDADE E ESTATÍSTICA,4,B1,GUILHERME PUMI,Sala 201 do Prédio Salas de Aula Campus do Vale - 43324 - Campus: Vale,5,QUARTA,10:30,12:10
MAT02050,PROBABILIDADE E ESTATÍSTICA - EAD,4,A1,LISIANE PRISCILA ROLDAO SELAU,,8,SABADO,8:30,11:50
MAT02050,PROBABILIDADE E ESTATÍSTICA - EAD,4,A2,FLAVIO AUGUSTO ZIEGELMANN,,9,SABADO,8:30,11:50
MAT02050,PROBABILIDADE E ESTATÍSTICA - EAD,4,C1,EDUARDO DE OLIVEIRA HORTA,,8,SEXTA,13:30,16:50
INF01008,PROGRAMAÇÃO DISTRIBUÍDA E PARALELA,4,U,Arthur Francisco Lorenzon,SALA DE AULA 102 - PRÉDIO 43425 - Campus: Vale,22,SEGUNDA,10:30,12:10
INF01008,PROGRAMAÇÃO DISTRIBUÍDA E PARALELA,4,U,Arthur Francisco Lorenzon,SALA DE AULA 102 - PRÉDIO 43425 - Campus: Vale,22,QUARTA,10:30,12:10
ECP99001,PROJETO DE FINAL DE CURSO DE ENGENHARIA DE COMPUTAÇÃO,2,U,LETICIA DOS SANTOS MACHADO,SALA DE AULA 114 - PRÉDIO 43425 - Campus: Vale,35,SEXTA,13:30,15:10
INF01154,REDES DE COMPUTADORES N,6,A,ALBERTO EGON SCHAEFFER FILHO,SALA DE AULA 114 - PRÉDIO 43425 - Campus: Vale,8,SEGUNDA,8:30,10:10
INF01154,REDES DE COMPUTADORES N,6,A,ALBERTO EGON SCHAEFFER FILHO,SALA DE AULA 114 - PRÉDIO 43425 - Campus: Vale,8,QUARTA,8:30,10:10
INF01154,REDES DE COMPUTADORES N,6,A,ALBERTO EGON SCHAEFFER FILHO,Laboratório de Ensino (Hardware e Rede de Computadores - 105 - 43413 - Campus: Vale,8,SEXTA,13:30,15:10
INF01154,REDES DE COMPUTADORES N,6,B,ALBERTO EGON SCHAEFFER FILHO,SALA DE AULA 114 - PRÉDIO 43425 - Campus: Vale,6,SEGUNDA,8:30,10:10
INF01154,REDES DE COMPUTADORES N,6,B,ALBERTO EGON SCHAEFFER FILHO,SALA DE AULA 114 - PRÉDIO 43425 - Campus: Vale,6,QUARTA,8:30,10:10
INF01154,REDES DE COMPUTADORES N,6,B,ALBERTO EGON SCHAEFFER FILHO,Laboratório de Ensino (Hardware e Rede de Computadores - 105 - 43413 - Campus: Vale,6,SEXTA,8:30,10:10
INF01154,REDES DE COMPUTADORES N,6,C,ALEXANDRE DA SILVA CARISSIMI,AUDITÓRIO 0 - Campus: Vale,10,SEGUNDA,15:30,17:10
INF01154,REDES DE COMPUTADORES N,6,C,ALEXANDRE DA SILVA CARISSIMI,AUDITÓRIO 0 - Campus: Vale,10,QUARTA,15:30,17:10
INF01154,REDES DE COMPUTADORES N,6,C,ALEXANDRE DA SILVA CARISSIMI,Laboratório de Ensino (Hardware e Rede de Computadores - 105 - 43413 - Campus: Vale,10,SEXTA,15:30,17:10
INF01154,REDES DE COMPUTADORES N,6,D,ALEXANDRE DA SILVA CARISSIMI,AUDITÓRIO 0 - Campus: Vale,10,SEGUNDA,15:30,17:10
INF01154,REDES DE COMPUTADORES N,6,D,ALEXANDRE DA SILVA CARISSIMI,AUDITÓRIO 0 - Campus: Vale,10,QUARTA,15:30,17:10
INF01154,REDES DE COMPUTADORES N,6,D,ALEXANDRE DA SILVA CARISSIMI,Laboratório de Ensino (Hardware e Rede de Computadores - 105 - 43413 - Campus: Vale,10,SEXTA,10:30,12:10
INF01045,SEGURANÇA EM SISTEMAS DE COMPUTAÇÃO,4,U,Jeferson Campos Nobre,SALA DE AULA 118 - PRÉDIO 43425 - Campus: Vale,20,SEGUNDA,15:30,17:10
INF01045,SEGURANÇA EM SISTEMAS DE COMPUTAÇÃO,4,U,Jeferson Campos Nobre,SALA DE AULA 118 - PRÉDIO 43425 - Campus: Vale,20,QUARTA,15:30,17:10
ENG10019,SISTEMAS DE CONTROLE DIGITAIS,4,U,ALEXANDRE SANFELICI BAZANELLA,sala de aula 063 - Campus: Centro,1,SEGUNDA,8:30,10:10
ENG10019,SISTEMAS DE CONTROLE DIGITAIS,4,U,ALEXANDRE SANFELICI BAZANELLA,sala de aula 063 - Campus: Centro,1,QUARTA,8:30,10:10
ENG10004,SISTEMAS DE CONTROLE I - B,4,U3,JOAO MANOEL GOMES DA SILVA JUNIOR,sala de aula 056 - Campus: Centro,1,TERCA,8:30,10:10
ENG10004,SISTEMAS DE CONTROLE I - B,4,U3,JOAO MANOEL GOMES DA SILVA JUNIOR,sala de aula 056 - Campus: Centro,1,QUINTA,8:30,10:10
ENG10055,SISTEMAS DE TEMPO REAL - I,4,A,WALTER FETTER LAGES,Sala 301 - Laboratório de Informática - Campus: Centro,7,TERCA,8:30,10:10
ENG10055,SISTEMAS DE TEMPO REAL - I,4,A,WALTER FETTER LAGES,Sala 301 - Laboratório de Informática - Campus: Centro,7,QUINTA,8:30,10:10
INF01175,SISTEMAS DIGITAIS PARA COMPUTADORES A,4,U,FERNANDA GUSMAO DE LIMA KASTENSMIDT,SALA DE AULA 102 - PRÉDIO 43425 - Campus: Vale,25,TERCA,10:30,12:10
INF01175,SISTEMAS DIGITAIS PARA COMPUTADORES A,4,U,FERNANDA GUSMAO DE LIMA KASTENSMIDT,SALA DE AULA 102 - PRÉDIO 43425 - Campus: Vale,25,QUINTA,10:30,12:10
ENG10017,SISTEMAS E SINAIS,6,A,LUCIOLA CAMPESTRINI,Sala 301 - Laboratório de Informática - Campus: Centro,1,SEGUNDA,8:30,10:10
ENG10017,SISTEMAS E SINAIS,6,A,LUCIOLA CAMPESTRINI,Sala 301 - Laboratório de Informática - Campus: Centro,1,QUARTA,8:30,10:10
ENG10017,SISTEMAS E SINAIS,6,A,LUCIOLA CAMPESTRINI,Sala 301 - Laboratório de Informática - Campus: Centro,1,SEXTA,8:30,10:10
ENG10017,SISTEMAS E SINAIS,6,C,AURÉLIO TERGOLINA SALTON,sala de aula 052 - Campus: Centro,1,SEGUNDA,15:30,17:10
ENG10017,SISTEMAS E SINAIS,6,C,AURÉLIO TERGOLINA SALTON,sala de aula 052 - Campus: Centro,1,QUARTA,15:30,17:10
ENG10017,SISTEMAS E SINAIS,6,C,AURÉLIO TERGOLINA SALTON,Sala 301 - Laboratório de Informática - Campus: Centro,1,SEXTA,13:30,15:10
ENG10017,SISTEMAS E SINAIS,6,D,AURÉLIO TERGOLINA SALTON,sala de aula 052 - Campus: Centro,1,SEGUNDA,15:30,17:10
ENG10017,SISTEMAS E SINAIS,6,D,AURÉLIO TERGOLINA SALTON,sala de aula 052 - Campus: Centro,1,QUARTA,15:30,17:10
ENG10017,SISTEMAS E SINAIS,6,D,AURÉLIO TERGOLINA SALTON,Sala 301 - Laboratório de Informática - Campus: Centro,1,SEXTA,15:30,17:10
INF01142,SISTEMAS OPERACIONAIS I N,4,A,NICOLAS BRUNO MAILLARD,AUDITÓRIO 1 - Campus: Vale,15,SEGUNDA,13:30,15:10
INF01142,SISTEMAS OPERACIONAIS I N,4,A,NICOLAS BRUNO MAILLARD,AUDITÓRIO 1 - Campus: Vale,15,QUARTA,13:30,15:10
INF01142,SISTEMAS OPERACIONAIS I N,4,B,NICOLAS BRUNO MAILLARD,AUDITÓRIO 1 - Campus: Vale,20,TERCA,13:30,15:10
INF01142,SISTEMAS OPERACIONAIS I N,4,B,NICOLAS BRUNO MAILLARD,AUDITÓRIO 1 - Campus: Vale,20,QUINTA,13:30,15:10
INF01151,SISTEMAS OPERACIONAIS II N,4,A,Eder John Scheid,SALA DE AULA 118 - PRÉDIO 43425 - Campus: Vale,10,SEGUNDA,13:30,15:10
INF01151,SISTEMAS OPERACIONAIS II N,4,A,Eder John Scheid,SALA DE AULA 118 - PRÉDIO 43425 - Campus: Vale,10,QUARTA,13:30,15:10
INF01151,SISTEMAS OPERACIONAIS II N,4,B,Eder John Scheid,SALA DE AULA 118 - PRÉDIO 43425 - Campus: Vale,25,TERCA,13:30,15:10
INF01151,SISTEMAS OPERACIONAIS II N,4,B,Eder John Scheid,SALA DE AULA 118 - PRÉDIO 43425 - Campus: Vale,25,QUINTA,13:30,15:10
INF01120,TÉCNICAS DE CONSTRUÇÃO DE PROGRAMAS,4,A,Karina Kohl Silveira,SALA DE AULA 108 - PRÉDIO 43425 - Campus: Vale,15,SEGUNDA,13:30,15:10
INF01120,TÉCNICAS DE CONSTRUÇÃO DE PROGRAMAS,4,A,Karina Kohl Silveira,SALA DE AULA 108 - PRÉDIO 43425 - Campus: Vale,15,QUARTA,13:30,15:10
INF01120,TÉCNICAS DE CONSTRUÇÃO DE PROGRAMAS,4,B,MARCELO SOARES PIMENTA,SALA DE AULA 116 - PRÉDIO 43425 - Campus: Vale,18,TERCA,8:30,10:10
INF01120,TÉCNICAS DE CONSTRUÇÃO DE PROGRAMAS,4,B,MARCELO SOARES PIMENTA,SALA DE AULA 116 - PRÉDIO 43425 - Campus: Vale,18,QUINTA,8:30,10:10
INF05501,TEORIA DA COMPUTAÇÃO N,4,A,BRUNO IOCHINS GRISCI,SALA DE AULA 107 - P. 43425 - Campus: Vale,13,SEGUNDA,13:30,15:10
INF05501,TEORIA DA COMPUTAÇÃO N,4,A,BRUNO IOCHINS GRISCI,SALA DE AULA 107 - P. 43425 - Campus: Vale,13,QUARTA,13:30,15:10
INF05501,TEORIA DA COMPUTAÇÃO N,4,B,RODRIGO MACHADO,SALA DE AULA 107 - P. 43425 - Campus: Vale,17,TERCA,13:30,15:10
INF05501,TEORIA DA COMPUTAÇÃO N,4,B,RODRIGO MACHADO,SALA DE AULA 107 - P. 43425 - Campus: Vale,17,QUINTA,13:30,15:10
INF05512,TEORIA DOS GRAFOS E ANÁLISE COMBINATÓRIA,4,A,FREDERICO MESSA SCHWARTZHAUPT,SALA DE AULA 111 - PRÉDIO 43425 - Campus: Vale,10,SEGUNDA,13:30,15:10
INF05512,TEORIA DOS GRAFOS E ANÁLISE COMBINATÓRIA,4,A,FREDERICO MESSA SCHWARTZHAUPT,SALA DE AULA 111 - PRÉDIO 43425 - Campus: Vale,10,QUARTA,13:30,15:10
INF05512,TEORIA DOS GRAFOS E ANÁLISE COMBINATÓRIA,4,C,FREDERICO MESSA SCHWARTZHAUPT,SALA DE AULA 111 - PRÉDIO 43425 - Campus: Vale,7,TERCA,13:30,15:10
INF05512,TEORIA DOS GRAFOS E ANÁLISE COMBINATÓRIA,4,C,FREDERICO MESSA SCHWARTZHAUPT,SALA DE AULA 111 - PRÉDIO 43425 - Campus: Vale,7,QUINTA,13:30,15:10
ENG04010,TEORIA ELETROMAGNÉTICA E ONDAS,4,U,RAPHAEL MARTINS BRUM,sala de aula 053 - Campus: Centro,25,SEGUNDA,10:30,12:10
ENG04010,TEORIA ELETROMAGNÉTICA E ONDAS,4,U,RAPHAEL MARTINS BRUM,sala de aula 053 - Campus: Centro,25,QUARTA,10:30,12:10
INF01054,TÓPICOS ESPECIAIS EM COMPUTAÇÃO VII,4,U,Mateus Grellert da Silva,,15,TERCA,13:30,15:10
INF01054,TÓPICOS ESPECIAIS EM COMPUTAÇÃO VII,4,U,Mateus Grellert da Silva,,15,QUINTA,13:30,15:10
INF01063,TÓPICOS ESPECIAIS EM COMPUTAÇÃO XII,4,U,LUIGI CARRO,SALA DE AULA 111 - PRÉDIO 43425 - Campus: Vale,15,TERCA,10:30,12:10
INF01063,TÓPICOS ESPECIAIS EM COMPUTAÇÃO XII,4,U,LUIGI CARRO,SALA DE AULA 111 - PRÉDIO 43425 - Campus: Vale,15,QUINTA,10:30,12:10
INF05013,TÓPICOS ESPECIAIS EM COMPUTAÇÃO XV,4,U,BRUNO IOCHINS GRISCI,SALA DE AULA 109 - PRÉDIO 43425 - Campus: Vale,10,SEGUNDA,15:30,17:10
INF05013,TÓPICOS ESPECIAIS EM COMPUTAÇÃO XV,4,U,BRUNO IOCHINS GRISCI,SALA DE AULA 109 - PRÉDIO 43425 - Campus: Vale,10,QUARTA,15:30,17:10
INF01050,TÓPICOS ESPECIAIS EM ENGENHARIA DE COMPUTAÇÃO I,4,U,MANUEL MENEZES DE OLIVEIRA NETO,SALA DE AULA 113 - PRÉDIO 43425 - Campus: Vale,10,SEGUNDA,15:30,17:10
INF01050,TÓPICOS ESPECIAIS EM ENGENHARIA DE COMPUTAÇÃO I,4,U,MANUEL MENEZES DE OLIVEIRA NETO,SALA DE AULA 113 - PRÉDIO 43425 - Campus: Vale,10,QUARTA,15:30,17:10
INF01053,TÓPICOS ESPECIAIS EM ENGENHARIA DE COMPUTAÇÃO IV,2,A,LEILA RIBEIRO,,5,SEXTA,10:30,12:10
INF01053,TÓPICOS ESPECIAIS EM ENGENHARIA DE COMPUTAÇÃO IV,2,B,Karina Kohl Silveira,,5,SEXTA,10:30,12:10
