﻿codigo_disciplina,nome_disciplina,creditos,codigo_turma,professor,sala,vagas,dia,inicio,fim
ADM01134,ADMINISTRAÇÃO E FINANÇAS,4,A,FERNANDO CAETANO COSTA,700 Anfiteatro do Prédio da Engenharia Nova - Campus: Centro,1,TERCA,18:30,21:50
MAT01355,ÁLGEBRA LINEAR I - A,4,A1,Wanderley Nunes Do Nascimento,Sala 101 - Campus: Vale,14,TERCA,8:30,10:10
MAT01355,ÁLGEBRA LINEAR I - A,4,A1,Wanderley Nunes Do Nascimento,Sala 101 - Campus: Vale,14,QUINTA,8:30,10:10
MAT01355,ÁLGEBRA LINEAR I - A,4,B2,JANAINA PIRES ZINGANO,Sala 102 - Campus: Vale,6,TERCA,10:30,12:10
MAT01355,ÁLGEBRA LINEAR I - A,4,B2,JANAINA PIRES ZINGANO,Sala 102 - Campus: Vale,6,QUINTA,10:30,12:10
MAT01355,ÁLGEBRA LINEAR I - A,4,C2,CARLOS FELIPE LARDIZABAL RODRIGUES,Sala 102 - Campus: Vale,15,TERCA,13:30,15:10
MAT01355,ÁLGEBRA LINEAR I - A,4,C2,CARLOS FELIPE LARDIZABAL RODRIGUES,Sala 102 - Campus: Vale,15,QUINTA,13:30,15:10
MAT01355,ÁLGEBRA LINEAR I - A,4,D1,LEANDRO FARINA,Sala 101 - Campus: Vale,1,TERCA,15:30,17:10
MAT01355,ÁLGEBRA LINEAR I - A,4,D1,LEANDRO FARINA,Sala 101 - Campus: Vale,1,QUINTA,15:30,17:10
MAT01355,ÁLGEBRA LINEAR I - A,4,D2,ADRIANA NEUMANN DE OLIVEIRA,Sala 102 - Campus: Vale,15,TERCA,15:30,17:10
MAT01355,ÁLGEBRA LINEAR I - A,4,D2,ADRIANA NEUMANN DE OLIVEIRA,Sala 102 - Campus: Vale,15,QUINTA,15:30,17:10
INF01202,ALGORÍTMOS E PROGRAMAÇÃO - CIC,6,A,MARCELO WALTER,SALA DE AULA 112 - PRÉDIO 43425 - Campus: Vale,6,SEGUNDA,13:30,15:10
INF01202,ALGORÍTMOS E PROGRAMAÇÃO - CIC,6,A,MARCELO WALTER,SALA DE AULA 112 - PRÉDIO 43425 - Campus: Vale,6,QUARTA,13:30,15:10
INF01202,ALGORÍTMOS E PROGRAMAÇÃO - CIC,6,A,MARCELO WALTER,SALA DE AULA 102 - PRÉDIO 43425 - Campus: Vale,6,QUINTA,13:30,15:10
INF01202,ALGORÍTMOS E PROGRAMAÇÃO - CIC,6,B,MARCELO WALTER,SALA DE AULA 112 - PRÉDIO 43425 - Campus: Vale,9,SEGUNDA,13:30,15:10
INF01202,ALGORÍTMOS E PROGRAMAÇÃO - CIC,6,B,MARCELO WALTER,SALA DE AULA 112 - PRÉDIO 43425 - Campus: Vale,9,QUARTA,13:30,15:10
INF01202,ALGORÍTMOS E PROGRAMAÇÃO - CIC,6,B,MARCELO WALTER,SALA DE AULA 102 - PRÉDIO 43425 - Campus: Vale,9,QUINTA,15:30,17:10
INF01202,ALGORÍTMOS E PROGRAMAÇÃO - CIC,6,D,ERIKA FERNANDES COTA,SALA DE AULA 112 - PRÉDIO 43425 - Campus: Vale,5,SEGUNDA,15:30,17:10
INF01202,ALGORÍTMOS E PROGRAMAÇÃO - CIC,6,D,ERIKA FERNANDES COTA,SALA DE AULA 112 - PRÉDIO 43425 - Campus: Vale,5,QUARTA,15:30,17:10
INF01202,ALGORÍTMOS E PROGRAMAÇÃO - CIC,6,D,ERIKA FERNANDES COTA,SALA DE AULA 104 - PRÉDIO 43425 - Campus: Vale,5,QUINTA,15:30,17:10
INF01202,ALGORÍTMOS E PROGRAMAÇÃO - CIC,6,E,RENAN DE QUEIROZ MAFFEI,SALA DE AULA 112 - PRÉDIO 43425 - Campus: Vale,7,TERCA,13:30,15:10
INF01202,ALGORÍTMOS E PROGRAMAÇÃO - CIC,6,E,RENAN DE QUEIROZ MAFFEI,SALA DE AULA 112 - PRÉDIO 43425 - Campus: Vale,7,QUINTA,13:30,15:10
INF01202,ALGORÍTMOS E PROGRAMAÇÃO - CIC,6,E,RENAN DE QUEIROZ MAFFEI,SALA DE AULA 102 - PRÉDIO 43425 - Campus: Vale,7,SEXTA,13:30,15:10
INF01202,ALGORÍTMOS E PROGRAMAÇÃO - CIC,6,F,RENAN DE QUEIROZ MAFFEI,SALA DE AULA 112 - PRÉDIO 43425 - Campus: Vale,4,TERCA,13:30,15:10
INF01202,ALGORÍTMOS E PROGRAMAÇÃO - CIC,6,F,RENAN DE QUEIROZ MAFFEI,SALA DE AULA 112 - PRÉDIO 43425 - Campus: Vale,4,QUINTA,13:30,15:10
INF01202,ALGORÍTMOS E PROGRAMAÇÃO - CIC,6,F,RENAN DE QUEIROZ MAFFEI,SALA DE AULA 102 - PRÉDIO 43425 - Campus: Vale,4,SEXTA,15:30,17:10
INF01202,ALGORÍTMOS E PROGRAMAÇÃO - CIC,6,G,CARLA MARIA DAL SASSO FREITAS,SALA DE AULA 112 - PRÉDIO 43425 - Campus: Vale,15,TERCA,15:30,17:10
INF01202,ALGORÍTMOS E PROGRAMAÇÃO - CIC,6,G,CARLA MARIA DAL SASSO FREITAS,SALA DE AULA 112 - PRÉDIO 43425 - Campus: Vale,15,QUINTA,15:30,17:10
INF01202,ALGORÍTMOS E PROGRAMAÇÃO - CIC,6,G,CARLA MARIA DAL SASSO FREITAS,SALA DE AULA 104 - PRÉDIO 43425 - Campus: Vale,15,SEXTA,13:30,15:10
INF01202,ALGORÍTMOS E PROGRAMAÇÃO - CIC,6,H,CARLA MARIA DAL SASSO FREITAS,SALA DE AULA 112 - PRÉDIO 43425 - Campus: Vale,6,TERCA,15:30,17:10
INF01202,ALGORÍTMOS E PROGRAMAÇÃO - CIC,6,H,CARLA MARIA DAL SASSO FREITAS,SALA DE AULA 112 - PRÉDIO 43425 - Campus: Vale,6,QUINTA,15:30,17:10
INF01202,ALGORÍTMOS E PROGRAMAÇÃO - CIC,6,H,CARLA MARIA DAL SASSO FREITAS,SALA DE AULA 104 - PRÉDIO 43425 - Campus: Vale,6,SEXTA,15:30,17:10
INF01017,APRENDIZADO DE MÁQUINA,4,U,MARIANA RECAMONDE MENDOZA GUERREIRO,AUDITÓRIO 0 - Campus: Vale,12,TERCA,10:30,12:10
INF01017,APRENDIZADO DE MÁQUINA,4,U,MARIANA RECAMONDE MENDOZA GUERREIRO,AUDITÓRIO 0 - Campus: Vale,12,QUINTA,10:30,12:10
INF01108,ARQUITETURA E ORGANIZAÇÃO DE COMPUTADORES I,4,A,FERNANDA GUSMAO DE LIMA KASTENSMIDT,AUDITÓRIO 1 - Campus: Vale,30,SEGUNDA,10:30,12:10
INF01108,ARQUITETURA E ORGANIZAÇÃO DE COMPUTADORES I,4,A,FERNANDA GUSMAO DE LIMA KASTENSMIDT,Laboratório de Ensino 104 - 43413 - Campus: Vale,30,QUARTA,10:30,12:10
INF01108,ARQUITETURA E ORGANIZAÇÃO DE COMPUTADORES I,4,B,SERGIO LUIS CECHIN,SALA DE AULA 109 - PRÉDIO 43425 - Campus: Vale,20,TERCA,15:30,17:10
INF01108,ARQUITETURA E ORGANIZAÇÃO DE COMPUTADORES I,4,B,SERGIO LUIS CECHIN,SALA DE AULA 109 - PRÉDIO 43425 - Campus: Vale,20,QUINTA,15:30,17:10
INF01108,ARQUITETURA E ORGANIZAÇÃO DE COMPUTADORES I,4,C,MARCELO DE OLIVEIRA JOHANN,SALA DE AULA 118 - PRÉDIO 43425 - Campus: Vale,20,TERCA,10:30,12:10
INF01108,ARQUITETURA E ORGANIZAÇÃO DE COMPUTADORES I,4,C,MARCELO DE OLIVEIRA JOHANN,Laboratório de Ensino 104 - 43413 - Campus: Vale,20,QUINTA,10:30,12:10
INF01112,ARQUITETURA E ORGANIZAÇÃO DE COMPUTADORES II,4,A,Arthur Francisco Lorenzon,AUDITÓRIO 0 - Campus: Vale,25,SEGUNDA,13:30,15:10
INF01112,ARQUITETURA E ORGANIZAÇÃO DE COMPUTADORES II,4,A,Arthur Francisco Lorenzon,AUDITÓRIO 0 - Campus: Vale,25,QUARTA,13:30,15:10
INF01112,ARQUITETURA E ORGANIZAÇÃO DE COMPUTADORES II,4,B,JOAO CESAR NETTO,AUDITÓRIO 0 - Campus: Vale,25,TERCA,15:30,17:10
INF01112,ARQUITETURA E ORGANIZAÇÃO DE COMPUTADORES II,4,B,JOAO CESAR NETTO,AUDITÓRIO 0 - Campus: Vale,25,QUINTA,15:30,17:10
INF01191,ARQUITETURAS AVANÇADAS DE COMPUTADORES,4,U,ANTONIO CARLOS SCHNEIDER BECK FILHO,SALA DE AULA 113 - PRÉDIO 43425 - Campus: Vale,10,SEGUNDA,8:30,10:10
INF01191,ARQUITETURAS AVANÇADAS DE COMPUTADORES,4,U,ANTONIO CARLOS SCHNEIDER BECK FILHO,SALA DE AULA 113 - PRÉDIO 43425 - Campus: Vale,10,QUARTA,8:30,10:10
INF01146,AVALIAÇÃO DE DESEMPENHO,4,U,LUCAS MELLO SCHNORR,SALA DE AULA 116 - PRÉDIO 43425 - Campus: Vale,10,SEGUNDA,8:30,10:10
INF01146,AVALIAÇÃO DE DESEMPENHO,4,U,LUCAS MELLO SCHNORR,SALA DE AULA 116 - PRÉDIO 43425 - Campus: Vale,10,QUARTA,8:30,10:10
INF05018,BIOLOGIA COMPUTACIONAL,4,U,MARCIO DORN,Sala de Aula 106 - 43413 - Campus: Vale,10,TERCA,13:30,15:10
INF05018,BIOLOGIA COMPUTACIONAL,4,U,MARCIO DORN,Sala de Aula 106 - 43413 - Campus: Vale,10,QUINTA,13:30,15:10
INF01205,CAD PARA SISTEMAS DIGITAIS,4,U,ANDRE INACIO REIS,Sala de Aula 108 - 43413 - Campus: Vale,15,TERCA,13:30,15:10
INF01205,CAD PARA SISTEMAS DIGITAIS,4,U,ANDRE INACIO REIS,Sala de Aula 108 - 43413 - Campus: Vale,15,QUINTA,13:30,15:10
MAT01353,CÁLCULO E GEOMETRIA ANALÍTICA I - A,6,A1,JACQUES AVELINE LOUREIRO DA SILVA,Sala 101 - Campus: Vale,25,SEGUNDA,8:30,10:10
MAT01353,CÁLCULO E GEOMETRIA ANALÍTICA I - A,6,A1,JACQUES AVELINE LOUREIRO DA SILVA,Sala 101 - Campus: Vale,25,QUARTA,8:30,10:10
MAT01353,CÁLCULO E GEOMETRIA ANALÍTICA I - A,6,A1,JACQUES AVELINE LOUREIRO DA SILVA,Sala 101 - Campus: Vale,25,SEXTA,8:30,10:10
MAT01353,CÁLCULO E GEOMETRIA ANALÍTICA I - A,6,A2,JOSE AFONSO BARRIONUEVO,Sala 103 - Campus: Vale,5,SEGUNDA,8:30,10:10
MAT01353,CÁLCULO E GEOMETRIA ANALÍTICA I - A,6,A2,JOSE AFONSO BARRIONUEVO,Sala 103 - Campus: Vale,5,QUARTA,8:30,10:10
MAT01353,CÁLCULO E GEOMETRIA ANALÍTICA I - A,6,A2,JOSE AFONSO BARRIONUEVO,Sala 103 - Campus: Vale,5,SEXTA,8:30,10:10
MAT01353,CÁLCULO E GEOMETRIA ANALÍTICA I - A,6,B2,JOAO BATISTA DA PAZ CARVALHO,43123-205-Instituto de Química - Sala de Aula - Campus: Vale,8,SEGUNDA,10:30,12:10
MAT01353,CÁLCULO E GEOMETRIA ANALÍTICA I - A,6,B2,JOAO BATISTA DA PAZ CARVALHO,43123-205-Instituto de Química - Sala de Aula - Campus: Vale,8,QUARTA,10:30,12:10
MAT01353,CÁLCULO E GEOMETRIA ANALÍTICA I - A,6,B2,JOAO BATISTA DA PAZ CARVALHO,43123-205-Instituto de Química - Sala de Aula - Campus: Vale,8,SEXTA,10:30,12:10
MAT01353,CÁLCULO E GEOMETRIA ANALÍTICA I - A,6,D2,JOAO MATHEUS JURY GIRALDI,Sala 102 - Campus: Vale,15,SEGUNDA,15:30,17:10
MAT01353,CÁLCULO E GEOMETRIA ANALÍTICA I - A,6,D2,JOAO MATHEUS JURY GIRALDI,Sala 102 - Campus: Vale,15,QUARTA,15:30,17:10
MAT01353,CÁLCULO E GEOMETRIA ANALÍTICA I - A,6,D2,JOAO MATHEUS JURY GIRALDI,Sala 102 - Campus: Vale,15,SEXTA,15:30,17:10
MAT01354,CÁLCULO E GEOMETRIA ANALÍTICA II - A,6,A1,JOANA MOHR,Sala 102 - Campus: Vale,55,SEGUNDA,8:30,10:10
MAT01354,CÁLCULO E GEOMETRIA ANALÍTICA II - A,6,A1,JOANA MOHR,Sala 102 - Campus: Vale,55,QUARTA,8:30,10:10
MAT01354,CÁLCULO E GEOMETRIA ANALÍTICA II - A,6,A1,JOANA MOHR,Sala 102 - Campus: Vale,55,SEXTA,8:30,10:10
MAT01032,CÁLCULO NUMÉRICO A,4,U,RUDNEI DIAS DA CUNHA,F115 Laboratório de Informática - Campus: Vale,50,TERCA,13:30,15:10
MAT01032,CÁLCULO NUMÉRICO A,4,U,RUDNEI DIAS DA CUNHA,F115 Laboratório de Informática - Campus: Vale,50,QUINTA,13:30,15:10
INF01058,CIRCUITOS DIGITAIS,4,A,Mateus Grellert da Silva,Sala de Aula 108 - 43413 - Campus: Vale,14,TERCA,10:30,12:10
INF01058,CIRCUITOS DIGITAIS,4,A,Mateus Grellert da Silva,Sala de Aula 108 - 43413 - Campus: Vale,14,QUINTA,10:30,12:10
INF01058,CIRCUITOS DIGITAIS,4,B,RENATO PEREZ RIBAS,Sala de Aula 108 - 43413 - Campus: Vale,13,SEGUNDA,8:30,10:10
INF01058,CIRCUITOS DIGITAIS,4,B,RENATO PEREZ RIBAS,Sala de Aula 108 - 43413 - Campus: Vale,13,QUARTA,8:30,10:10
INF01058,CIRCUITOS DIGITAIS,4,C,ANDRE INACIO REIS,Sala de Aula 108 - 43413 - Campus: Vale,14,SEGUNDA,10:30,12:10
INF01058,CIRCUITOS DIGITAIS,4,C,ANDRE INACIO REIS,Sala de Aula 108 - 43413 - Campus: Vale,14,QUARTA,10:30,12:10
INF01124,CLASSIFICAÇÃO E PESQUISA DE DADOS,4,A,JOAO LUIZ DIHL COMBA,SALA DE AULA 116 - PRÉDIO 43425 - Campus: Vale,20,TERCA,10:30,12:10
INF01124,CLASSIFICAÇÃO E PESQUISA DE DADOS,4,A,JOAO LUIZ DIHL COMBA,SALA DE AULA 116 - PRÉDIO 43425 - Campus: Vale,20,QUINTA,10:30,12:10
INF01124,CLASSIFICAÇÃO E PESQUISA DE DADOS,4,B,Lana Bertoldo Rossato,SALA DE AULA 116 - PRÉDIO 43425 - Campus: Vale,20,TERCA,13:30,15:10
INF01124,CLASSIFICAÇÃO E PESQUISA DE DADOS,4,B,Lana Bertoldo Rossato,SALA DE AULA 116 - PRÉDIO 43425 - Campus: Vale,20,QUINTA,13:30,15:10
INF01147,COMPILADORES,4,A,MARCELO DE OLIVEIRA JOHANN,SALA DE AULA 118 - PRÉDIO 43425 - Campus: Vale,25,TERCA,15:30,17:10
INF01147,COMPILADORES,4,A,MARCELO DE OLIVEIRA JOHANN,SALA DE AULA 118 - PRÉDIO 43425 - Campus: Vale,25,QUINTA,15:30,17:10
INF01147,COMPILADORES,4,B,LUCAS MELLO SCHNORR,AUDITÓRIO 1 - Campus: Vale,25,TERCA,10:30,12:10
INF01147,COMPILADORES,4,B,LUCAS MELLO SCHNORR,AUDITÓRIO 1 - Campus: Vale,25,QUINTA,10:30,12:10
INF05515,COMPLEXIDADE DE ALGORITMOS - B,4,A,André Grahl Pereira,SALA DE AULA 109 - PRÉDIO 43425 - Campus: Vale,33,SEGUNDA,10:30,12:10
INF05515,COMPLEXIDADE DE ALGORITMOS - B,4,A,André Grahl Pereira,SALA DE AULA 109 - PRÉDIO 43425 - Campus: Vale,33,QUARTA,10:30,12:10
INF05515,COMPLEXIDADE DE ALGORITMOS - B,4,B,LUCAS NUNES ALEGRE,SALA DE AULA 109 - PRÉDIO 43425 - Campus: Vale,30,SEGUNDA,13:30,15:10
INF05515,COMPLEXIDADE DE ALGORITMOS - B,4,B,LUCAS NUNES ALEGRE,SALA DE AULA 109 - PRÉDIO 43425 - Campus: Vale,30,QUARTA,13:30,15:10
INF01140,COMPUTADOR E SOCIEDADE,4,U,DANTE AUGUSTO COUTO BARONE,SALA DE AULA 118 - PRÉDIO 43425 - Campus: Vale,30,QUARTA,8:30,10:10
INF01140,COMPUTADOR E SOCIEDADE,4,U,DANTE AUGUSTO COUTO BARONE,SALA DE AULA 118 - PRÉDIO 43425 - Campus: Vale,30,QUARTA,10:30,12:10
INF01005,COMUNICAÇÃO DE DADOS,4,U,GABRIEL LUCA NAZAR,SALA DE AULA 111 - PRÉDIO 43425 - Campus: Vale,15,TERCA,8:30,10:10
INF01005,COMUNICAÇÃO DE DADOS,4,U,GABRIEL LUCA NAZAR,SALA DE AULA 111 - PRÉDIO 43425 - Campus: Vale,15,QUINTA,8:30,10:10
INF01032,EMPREENDIMENTO EM INFORMÁTICA,4,A,ERIKA FERNANDES COTA,SALA DE AULA 116 - PRÉDIO 43425 - Campus: Vale,21,SEXTA,8:30,11:50
INF01032,EMPREENDIMENTO EM INFORMÁTICA,4,B,ALEXANDRE DA SILVA CARISSIMI,SALA DE AULA 108 - PRÉDIO 43425 - Campus: Vale,19,SEXTA,8:30,11:50
INF01127,ENGENHARIA DE SOFTWARE N,4,A,LETICIA DOS SANTOS MACHADO,SALA DE AULA 112 - PRÉDIO 43425 - Campus: Vale,20,SEGUNDA,10:30,12:10
INF01127,ENGENHARIA DE SOFTWARE N,4,A,LETICIA DOS SANTOS MACHADO,SALA DE AULA 112 - PRÉDIO 43425 - Campus: Vale,20,QUARTA,10:30,12:10
INF01127,ENGENHARIA DE SOFTWARE N,4,B,LUCINÉIA HELOISA THOM,SALA DE AULA 116 - PRÉDIO 43425 - Campus: Vale,20,TERCA,15:30,17:10
INF01127,ENGENHARIA DE SOFTWARE N,4,B,LUCINÉIA HELOISA THOM,SALA DE AULA 116 - PRÉDIO 43425 - Campus: Vale,20,QUINTA,15:30,17:10
INF01203,ESTRUTURAS DE DADOS,4,A,DENNIS GIOVANI BALREIRA,SALA DE AULA 116 - PRÉDIO 43425 - Campus: Vale,20,SEGUNDA,13:30,15:10
INF01203,ESTRUTURAS DE DADOS,4,A,DENNIS GIOVANI BALREIRA,SALA DE AULA 116 - PRÉDIO 43425 - Campus: Vale,20,QUARTA,13:30,15:10
INF01203,ESTRUTURAS DE DADOS,4,B,DENNIS GIOVANI BALREIRA,SALA DE AULA 116 - PRÉDIO 43425 - Campus: Vale,20,SEGUNDA,15:30,17:10
INF01203,ESTRUTURAS DE DADOS,4,B,DENNIS GIOVANI BALREIRA,SALA DE AULA 116 - PRÉDIO 43425 - Campus: Vale,20,QUARTA,15:30,17:10
INF01203,ESTRUTURAS DE DADOS,4,C,RENATA DE MATOS GALANTE,SALA DE AULA 108 - PRÉDIO 43425 - Campus: Vale,22,TERCA,13:30,15:10
INF01203,ESTRUTURAS DE DADOS,4,C,RENATA DE MATOS GALANTE,SALA DE AULA 108 - PRÉDIO 43425 - Campus: Vale,22,QUINTA,13:30,15:10
INF05008,FUNDAMENTOS DE ALGORITMOS,4,A,LUCAS NUNES ALEGRE,SALA DE AULA 107 - P. 43425 - Campus: Vale,32,SEGUNDA,10:30,12:10
INF05008,FUNDAMENTOS DE ALGORITMOS,4,A,LUCAS NUNES ALEGRE,SALA DE AULA 107 - P. 43425 - Campus: Vale,32,QUARTA,10:30,12:10
INF05008,FUNDAMENTOS DE ALGORITMOS,4,B,LUCIO MAURO DUARTE,SALA DE AULA 107 - P. 43425 - Campus: Vale,32,TERCA,10:30,12:10
INF05008,FUNDAMENTOS DE ALGORITMOS,4,B,LUCIO MAURO DUARTE,SALA DE AULA 107 - P. 43425 - Campus: Vale,32,QUINTA,10:30,12:10
INF05008,FUNDAMENTOS DE ALGORITMOS,4,C,LEILA RIBEIRO,SALA DE AULA 107 - P. 43425 - Campus: Vale,31,TERCA,8:30,10:10
INF05008,FUNDAMENTOS DE ALGORITMOS,4,C,LEILA RIBEIRO,SALA DE AULA 107 - P. 43425 - Campus: Vale,31,QUINTA,8:30,10:10
INF01145,FUNDAMENTOS DE BANCO DE DADOS,4,A,KARIN BECKER,SALA DE AULA 112 - PRÉDIO 43425 - Campus: Vale,26,SEGUNDA,8:30,10:10
INF01145,FUNDAMENTOS DE BANCO DE DADOS,4,A,KARIN BECKER,SALA DE AULA 112 - PRÉDIO 43425 - Campus: Vale,26,QUARTA,8:30,10:10
INF01145,FUNDAMENTOS DE BANCO DE DADOS,4,B,RENATA DE MATOS GALANTE,SALA DE AULA 111 - PRÉDIO 43425 - Campus: Vale,29,TERCA,15:30,17:10
INF01145,FUNDAMENTOS DE BANCO DE DADOS,4,B,RENATA DE MATOS GALANTE,SALA DE AULA 111 - PRÉDIO 43425 - Campus: Vale,29,QUINTA,15:30,17:10
INF01047,FUNDAMENTOS DE COMPUTAÇÃO GRÁFICA,4,U,EDUARDO SIMÕES LOPES GASTAL,SALA DE AULA 108 - PRÉDIO 43425 - Campus: Vale,34,TERCA,10:30,12:10
INF01047,FUNDAMENTOS DE COMPUTAÇÃO GRÁFICA,4,U,EDUARDO SIMÕES LOPES GASTAL,SALA DE AULA 108 - PRÉDIO 43425 - Campus: Vale,34,QUINTA,10:30,12:10
INF01046,FUNDAMENTOS DE PROCESSAMENTO DE IMAGENS,4,A,JACOB SCHARCANSKI,Laboratório de Ensino 104 - 43413 - Campus: Vale,27,TERCA,15:30,17:10
INF01046,FUNDAMENTOS DE PROCESSAMENTO DE IMAGENS,4,A,JACOB SCHARCANSKI,Laboratório de Ensino 104 - 43413 - Campus: Vale,27,QUINTA,15:30,17:10
INF01046,FUNDAMENTOS DE PROCESSAMENTO DE IMAGENS,4,B,MANUEL MENEZES DE OLIVEIRA NETO,SALA DE AULA 113 - PRÉDIO 43425 - Campus: Vale,24,SEGUNDA,13:30,15:10
INF01046,FUNDAMENTOS DE PROCESSAMENTO DE IMAGENS,4,B,MANUEL MENEZES DE OLIVEIRA NETO,SALA DE AULA 113 - PRÉDIO 43425 - Campus: Vale,24,QUARTA,13:30,15:10
INF01209,FUNDAMENTOS DE TOLERÂNCIA A FALHAS,4,U,SERGIO LUIS CECHIN,SALA DE AULA 113 - PRÉDIO 43425 - Campus: Vale,35,TERCA,13:30,15:10
INF01209,FUNDAMENTOS DE TOLERÂNCIA A FALHAS,4,U,SERGIO LUIS CECHIN,Laboratório de Ensino 104 - 43413 - Campus: Vale,35,QUINTA,13:30,15:10
INF01030,FUNDAMENTOS DE VISÃO COMPUTACIONAL,4,U,CLAUDIO ROSITO JUNG,SALA DE AULA 107 - P. 43425 - Campus: Vale,25,SEGUNDA,8:30,10:10
INF01030,FUNDAMENTOS DE VISÃO COMPUTACIONAL,4,U,CLAUDIO ROSITO JUNG,SALA DE AULA 107 - P. 43425 - Campus: Vale,25,QUARTA,8:30,10:10
INF01015,GERÊNCIA E APLICAÇÕES EM REDES,4,U,Jeferson Campos Nobre,Sala de Aula 108 - 43413 - Campus: Vale,15,SEGUNDA,13:30,15:10
INF01015,GERÊNCIA E APLICAÇÕES EM REDES,4,U,Jeferson Campos Nobre,Sala de Aula 108 - 43413 - Campus: Vale,15,QUARTA,13:30,15:10
INF01048,INTELIGÊNCIA ARTIFICIAL,4,A,Joel Luis Carbonera,SALA DE AULA 108 - PRÉDIO 43425 - Campus: Vale,21,TERCA,8:30,10:10
INF01048,INTELIGÊNCIA ARTIFICIAL,4,A,Joel Luis Carbonera,SALA DE AULA 108 - PRÉDIO 43425 - Campus: Vale,21,QUINTA,8:30,10:10
INF01048,INTELIGÊNCIA ARTIFICIAL,4,B,Joel Luis Carbonera,AUDITÓRIO 0 - Campus: Vale,20,TERCA,13:30,15:10
INF01048,INTELIGÊNCIA ARTIFICIAL,4,B,Joel Luis Carbonera,AUDITÓRIO 0 - Campus: Vale,20,QUINTA,13:30,15:10
INF05004,INTELIGÊNCIA ARTIFICIAL AVANÇADA,4,U,André Grahl Pereira,Sala de Aula 107 - 43413 - Campus: Vale,18,SEGUNDA,13:30,15:10
INF05004,INTELIGÊNCIA ARTIFICIAL AVANÇADA,4,U,André Grahl Pereira,Sala de Aula 107 - 43413 - Campus: Vale,18,QUARTA,13:30,15:10
INF01043,INTERAÇÃO HOMEM-COMPUTADOR,4,U,LUCIANA PORCHER NEDEL,SALA DE AULA 112 - PRÉDIO 43425 - Campus: Vale,30,TERCA,8:30,10:10
INF01043,INTERAÇÃO HOMEM-COMPUTADOR,4,U,LUCIANA PORCHER NEDEL,SALA DE AULA 112 - PRÉDIO 43425 - Campus: Vale,30,QUINTA,8:30,10:10
INF01107,INTRODUÇÃO À ARQUITETURA DE COMPUTADORES,4,A,José Rodrigo Furlanetto de Azambuja,SALA DE AULA 114 - PRÉDIO 43425 - Campus: Vale,21,SEGUNDA,13:30,15:10
INF01107,INTRODUÇÃO À ARQUITETURA DE COMPUTADORES,4,A,José Rodrigo Furlanetto de Azambuja,SALA DE AULA 114 - PRÉDIO 43425 - Campus: Vale,21,QUARTA,13:30,15:10
INF01107,INTRODUÇÃO À ARQUITETURA DE COMPUTADORES,4,B,Claudio Machado Diniz,SALA DE AULA 114 - PRÉDIO 43425 - Campus: Vale,20,SEGUNDA,15:30,17:10
INF01107,INTRODUÇÃO À ARQUITETURA DE COMPUTADORES,4,B,Claudio Machado Diniz,SALA DE AULA 114 - PRÉDIO 43425 - Campus: Vale,20,QUARTA,15:30,17:10
INF01107,INTRODUÇÃO À ARQUITETURA DE COMPUTADORES,4,D,RENATO PEREZ RIBAS,SALA DE AULA 114 - PRÉDIO 43425 - Campus: Vale,28,TERCA,13:30,15:10
INF01107,INTRODUÇÃO À ARQUITETURA DE COMPUTADORES,4,D,RENATO PEREZ RIBAS,SALA DE AULA 114 - PRÉDIO 43425 - Campus: Vale,28,QUINTA,13:30,15:10
QUI99009,INTRODUÇÃO AO EMPREENDEDORISMO E INOVAÇÃO,4,A,CRISTIANO KRUG,Observação: As aulas desta turma ocorrerão no Campus do Vale,1,QUINTA,8:30,11:50
QUI99009,INTRODUÇÃO AO EMPREENDEDORISMO E INOVAÇÃO,4,C,DEBORA JUNG LUVIZETTO FACCIN,Sala 0104 F(ICE) do Prédio Centenário - Campus: Centro Observação: As aulas desta turma ocorrerão no Campus Centro,1,TERCA,13:30,16:50
QUI99009,INTRODUÇÃO AO EMPREENDEDORISMO E INOVAÇÃO,4,D,MAXIMILIANO SEGALA,Sala 601 - Campus: Saúde Observação: As aulas desta turma ocorrerão no Campus Saúde,3,QUINTA,18:30,21:50
EDU03071,LÍNGUA BRASILEIRA DE SINAIS (LIBRAS),2,K,CRISTIAN ALEXANDRE STRACK,0302 SALA DE AULA - Campus: Centro,0,QUARTA,18:30,20:10
EDU03071,LÍNGUA BRASILEIRA DE SINAIS (LIBRAS),2,M,ERIKA VANESSA DE LIMA SILVA,0503 SALA DE AULA - Campus: Centro,4,QUARTA,18:30,20:10
INF05005,LINGUAGENS FORMAIS E AUTÔMATOS N,4,U,MARIANA LUDERITZ KOLBERG FERNANDES,SALA DE AULA 107 - P. 43425 - Campus: Vale,40,SEGUNDA,15:30,17:10
INF05005,LINGUAGENS FORMAIS E AUTÔMATOS N,4,U,MARIANA LUDERITZ KOLBERG FERNANDES,SALA DE AULA 107 - P. 43425 - Campus: Vale,40,QUARTA,15:30,17:10
INF05508,LÓGICA PARA COMPUTAÇÃO,4,A,ROSA MARIA VICARI,SALA DE AULA 109 - PRÉDIO 43425 - Campus: Vale,24,TERCA,10:30,12:10
INF05508,LÓGICA PARA COMPUTAÇÃO,4,A,ROSA MARIA VICARI,SALA DE AULA 109 - PRÉDIO 43425 - Campus: Vale,24,QUINTA,10:30,12:10
INF05508,LÓGICA PARA COMPUTAÇÃO,4,B,MARCIO DORN,SALA DE AULA 107 - P. 43425 - Campus: Vale,26,TERCA,15:30,17:10
INF05508,LÓGICA PARA COMPUTAÇÃO,4,B,MARCIO DORN,SALA DE AULA 107 - P. 43425 - Campus: Vale,26,QUINTA,15:30,17:10
INF05508,LÓGICA PARA COMPUTAÇÃO,4,C,LUCIO MAURO DUARTE,SALA DE AULA 109 - PRÉDIO 43425 - Campus: Vale,14,TERCA,8:30,10:10
INF05508,LÓGICA PARA COMPUTAÇÃO,4,C,LUCIO MAURO DUARTE,SALA DE AULA 109 - PRÉDIO 43425 - Campus: Vale,14,QUINTA,8:30,10:10
MAT01168,MATEMÁTICA APLICADA II,6,D,ESEQUIA SAUTER,Sala 104 - Campus: Vale,2,SEGUNDA,15:30,17:10
MAT01168,MATEMÁTICA APLICADA II,6,D,ESEQUIA SAUTER,Sala 104 - Campus: Vale,2,QUARTA,15:30,17:10
MAT01168,MATEMÁTICA APLICADA II,6,D,ESEQUIA SAUTER,Sala 104 - Campus: Vale,2,SEXTA,15:30,17:10
MAT01375,MATEMÁTICA DISCRETA B,4,A,RICARDO MISTURINI,Sala 103 - Campus: Vale,43,TERCA,8:30,10:10
MAT01375,MATEMÁTICA DISCRETA B,4,A,RICARDO MISTURINI,Sala 103 - Campus: Vale,43,QUINTA,8:30,10:10
MAT01375,MATEMÁTICA DISCRETA B,4,B,RICARDO MISTURINI,Sala 103 - Campus: Vale,42,TERCA,10:30,12:10
MAT01375,MATEMÁTICA DISCRETA B,4,B,RICARDO MISTURINI,Sala 103 - Campus: Vale,42,QUINTA,10:30,12:10
INF01216,MODELAGEM E GERENCIAMENTO DE PROCESSOS DE NEGÓCIO,4,U,LUCINÉIA HELOISA THOM,SALA DE AULA 112 - PRÉDIO 43425 - Campus: Vale,15,TERCA,10:30,12:10
INF01216,MODELAGEM E GERENCIAMENTO DE PROCESSOS DE NEGÓCIO,4,U,LUCINÉIA HELOISA THOM,SALA DE AULA 112 - PRÉDIO 43425 - Campus: Vale,15,QUINTA,10:30,12:10
INF01121,MODELOS DE LINGUAGEM DE PROGRAMAÇÃO,4,U,LEANDRO KRUG WIVES,SALA DE AULA 111 - PRÉDIO 43425 - Campus: Vale,25,SEGUNDA,15:30,17:10
INF01121,MODELOS DE LINGUAGEM DE PROGRAMAÇÃO,4,U,LEANDRO KRUG WIVES,SALA DE AULA 111 - PRÉDIO 43425 - Campus: Vale,25,QUARTA,15:30,17:10
INF01113,ORGANIZAÇÃO DE COMPUTADORES B,4,A,LUIGI CARRO,SALA DE AULA 114 - PRÉDIO 43425 - Campus: Vale,30,TERCA,8:30,10:10
INF01113,ORGANIZAÇÃO DE COMPUTADORES B,4,A,LUIGI CARRO,SALA DE AULA 114 - PRÉDIO 43425 - Campus: Vale,30,QUINTA,8:30,10:10
INF01113,ORGANIZAÇÃO DE COMPUTADORES B,4,B,GABRIEL LUCA NAZAR,SALA DE AULA 114 - PRÉDIO 43425 - Campus: Vale,30,TERCA,10:30,12:10
INF01113,ORGANIZAÇÃO DE COMPUTADORES B,4,B,GABRIEL LUCA NAZAR,SALA DE AULA 114 - PRÉDIO 43425 - Campus: Vale,30,QUINTA,10:30,12:10
INF05010,OTIMIZAÇÃO COMBINATÓRIA,4,A,Henrique Becker,SALA DE AULA 109 - PRÉDIO 43425 - Campus: Vale,29,TERCA,13:30,15:10
INF05010,OTIMIZAÇÃO COMBINATÓRIA,4,A,Henrique Becker,SALA DE AULA 109 - PRÉDIO 43425 - Campus: Vale,29,QUINTA,13:30,15:10
INF05010,OTIMIZAÇÃO COMBINATÓRIA,4,B,MARCUS ROLF PETER RITT,SALA DE AULA 111 - PRÉDIO 43425 - Campus: Vale,29,SEGUNDA,10:30,12:10
INF05010,OTIMIZAÇÃO COMBINATÓRIA,4,B,MARCUS ROLF PETER RITT,SALA DE AULA 111 - PRÉDIO 43425 - Campus: Vale,29,QUARTA,10:30,12:10
MAT02219,PROBABILIDADE E ESTATÍSTICA,4,A1,MÁRCIA HELENA BARBIAN,Sala 106 - Campus: Vale,10,TERCA,8:30,10:10
MAT02219,PROBABILIDADE E ESTATÍSTICA,4,A1,MÁRCIA HELENA BARBIAN,Sala 106 - Campus: Vale,10,QUINTA,8:30,10:10
MAT02219,PROBABILIDADE E ESTATÍSTICA,4,B1,GUILHERME PUMI,Sala 201 do Prédio Salas de Aula Campus do Vale - 43324 - Campus: Vale,13,SEGUNDA,10:30,12:10
MAT02219,PROBABILIDADE E ESTATÍSTICA,4,B1,GUILHERME PUMI,Sala 201 do Prédio Salas de Aula Campus do Vale - 43324 - Campus: Vale,13,QUARTA,10:30,12:10
MAT02219,PROBABILIDADE E ESTATÍSTICA,4,B2,HUGO HENRIQUE KEGLER DOS SANTOS,Sala 106 - Campus: Vale,8,TERCA,10:30,12:10
MAT02219,PROBABILIDADE E ESTATÍSTICA,4,B2,HUGO HENRIQUE KEGLER DOS SANTOS,Sala 106 - Campus: Vale,8,QUINTA,10:30,12:10
MAT02219,PROBABILIDADE E ESTATÍSTICA,4,C1,MÁRCIA HELENA BARBIAN,sala de aula 0024 - Campus: Centro,10,TERCA,13:30,15:10
MAT02219,PROBABILIDADE E ESTATÍSTICA,4,C1,MÁRCIA HELENA BARBIAN,sala de aula 0024 - Campus: Centro,10,QUINTA,13:30,15:10
INF01008,PROGRAMAÇÃO DISTRIBUÍDA E PARALELA,4,U,Arthur Francisco Lorenzon,SALA DE AULA 102 - PRÉDIO 43425 - Campus: Vale,18,SEGUNDA,10:30,12:10
INF01008,PROGRAMAÇÃO DISTRIBUÍDA E PARALELA,4,U,Arthur Francisco Lorenzon,SALA DE AULA 102 - PRÉDIO 43425 - Campus: Vale,18,QUARTA,10:30,12:10
INF01154,REDES DE COMPUTADORES N,6,A,ALBERTO EGON SCHAEFFER FILHO,SALA DE AULA 114 - PRÉDIO 43425 - Campus: Vale,12,SEGUNDA,8:30,10:10
INF01154,REDES DE COMPUTADORES N,6,A,ALBERTO EGON SCHAEFFER FILHO,SALA DE AULA 114 - PRÉDIO 43425 - Campus: Vale,12,QUARTA,8:30,10:10
INF01154,REDES DE COMPUTADORES N,6,A,ALBERTO EGON SCHAEFFER FILHO,Laboratório de Ensino (Hardware e Rede de Computadores - 105 - 43413 - Campus: Vale,12,SEXTA,13:30,15:10
INF01154,REDES DE COMPUTADORES N,6,B,ALBERTO EGON SCHAEFFER FILHO,SALA DE AULA 114 - PRÉDIO 43425 - Campus: Vale,14,SEGUNDA,8:30,10:10
INF01154,REDES DE COMPUTADORES N,6,B,ALBERTO EGON SCHAEFFER FILHO,SALA DE AULA 114 - PRÉDIO 43425 - Campus: Vale,14,QUARTA,8:30,10:10
INF01154,REDES DE COMPUTADORES N,6,B,ALBERTO EGON SCHAEFFER FILHO,Laboratório de Ensino (Hardware e Rede de Computadores - 105 - 43413 - Campus: Vale,14,SEXTA,8:30,10:10
INF01154,REDES DE COMPUTADORES N,6,C,ALEXANDRE DA SILVA CARISSIMI,AUDITÓRIO 0 - Campus: Vale,10,SEGUNDA,15:30,17:10
INF01154,REDES DE COMPUTADORES N,6,C,ALEXANDRE DA SILVA CARISSIMI,AUDITÓRIO 0 - Campus: Vale,10,QUARTA,15:30,17:10
INF01154,REDES DE COMPUTADORES N,6,C,ALEXANDRE DA SILVA CARISSIMI,Laboratório de Ensino (Hardware e Rede de Computadores - 105 - 43413 - Campus: Vale,10,SEXTA,15:30,17:10
INF01154,REDES DE COMPUTADORES N,6,D,ALEXANDRE DA SILVA CARISSIMI,AUDITÓRIO 0 - Campus: Vale,10,SEGUNDA,15:30,17:10
INF01154,REDES DE COMPUTADORES N,6,D,ALEXANDRE DA SILVA CARISSIMI,AUDITÓRIO 0 - Campus: Vale,10,QUARTA,15:30,17:10
INF01154,REDES DE COMPUTADORES N,6,D,ALEXANDRE DA SILVA CARISSIMI,Laboratório de Ensino (Hardware e Rede de Computadores - 105 - 43413 - Campus: Vale,10,SEXTA,10:30,12:10
INF01045,SEGURANÇA EM SISTEMAS DE COMPUTAÇÃO,4,U,Jeferson Campos Nobre,SALA DE AULA 118 - PRÉDIO 43425 - Campus: Vale,20,SEGUNDA,15:30,17:10
INF01045,SEGURANÇA EM SISTEMAS DE COMPUTAÇÃO,4,U,Jeferson Campos Nobre,SALA DE AULA 118 - PRÉDIO 43425 - Campus: Vale,20,QUARTA,15:30,17:10
INF05516,SEMÂNTICA FORMAL N,4,U,ÁLVARO FREITAS MOREIRA,SALA DE AULA 109 - PRÉDIO 43425 - Campus: Vale,40,SEGUNDA,8:30,10:10
INF05516,SEMÂNTICA FORMAL N,4,U,ÁLVARO FREITAS MOREIRA,SALA DE AULA 109 - PRÉDIO 43425 - Campus: Vale,40,QUARTA,8:30,10:10
INF01175,SISTEMAS DIGITAIS PARA COMPUTADORES A,4,U,FERNANDA GUSMAO DE LIMA KASTENSMIDT,SALA DE AULA 102 - PRÉDIO 43425 - Campus: Vale,6,TERCA,10:30,12:10
INF01175,SISTEMAS DIGITAIS PARA COMPUTADORES A,4,U,FERNANDA GUSMAO DE LIMA KASTENSMIDT,SALA DE AULA 102 - PRÉDIO 43425 - Campus: Vale,6,QUINTA,10:30,12:10
INF01142,SISTEMAS OPERACIONAIS I N,4,A,NICOLAS BRUNO MAILLARD,AUDITÓRIO 1 - Campus: Vale,25,SEGUNDA,13:30,15:10
INF01142,SISTEMAS OPERACIONAIS I N,4,A,NICOLAS BRUNO MAILLARD,AUDITÓRIO 1 - Campus: Vale,25,QUARTA,13:30,15:10
INF01142,SISTEMAS OPERACIONAIS I N,4,B,NICOLAS BRUNO MAILLARD,AUDITÓRIO 1 - Campus: Vale,20,TERCA,13:30,15:10
INF01142,SISTEMAS OPERACIONAIS I N,4,B,NICOLAS BRUNO MAILLARD,AUDITÓRIO 1 - Campus: Vale,20,QUINTA,13:30,15:10
INF01151,SISTEMAS OPERACIONAIS II N,4,A,Eder John Scheid,SALA DE AULA 118 - PRÉDIO 43425 - Campus: Vale,30,SEGUNDA,13:30,15:10
INF01151,SISTEMAS OPERACIONAIS II N,4,A,Eder John Scheid,SALA DE AULA 118 - PRÉDIO 43425 - Campus: Vale,30,QUARTA,13:30,15:10
INF01151,SISTEMAS OPERACIONAIS II N,4,B,Eder John Scheid,SALA DE AULA 118 - PRÉDIO 43425 - Campus: Vale,15,TERCA,13:30,15:10
INF01151,SISTEMAS OPERACIONAIS II N,4,B,Eder John Scheid,SALA DE AULA 118 - PRÉDIO 43425 - Campus: Vale,15,QUINTA,13:30,15:10
INF01120,TÉCNICAS DE CONSTRUÇÃO DE PROGRAMAS,4,A,Karina Kohl Silveira,SALA DE AULA 108 - PRÉDIO 43425 - Campus: Vale,23,SEGUNDA,13:30,15:10
INF01120,TÉCNICAS DE CONSTRUÇÃO DE PROGRAMAS,4,A,Karina Kohl Silveira,SALA DE AULA 108 - PRÉDIO 43425 - Campus: Vale,23,QUARTA,13:30,15:10
INF01120,TÉCNICAS DE CONSTRUÇÃO DE PROGRAMAS,4,B,MARCELO SOARES PIMENTA,SALA DE AULA 116 - PRÉDIO 43425 - Campus: Vale,20,TERCA,8:30,10:10
INF01120,TÉCNICAS DE CONSTRUÇÃO DE PROGRAMAS,4,B,MARCELO SOARES PIMENTA,SALA DE AULA 116 - PRÉDIO 43425 - Campus: Vale,20,QUINTA,8:30,10:10
INF01217,TENDÊNCIAS EM ENGENHARIA DE SOFTWARE,4,U,Karina Kohl Silveira,SALA DE AULA 116 - PRÉDIO 43425 - Campus: Vale,25,SEGUNDA,10:30,12:10
INF01217,TENDÊNCIAS EM ENGENHARIA DE SOFTWARE,4,U,Karina Kohl Silveira,SALA DE AULA 116 - PRÉDIO 43425 - Campus: Vale,25,QUARTA,10:30,12:10
INF05501,TEORIA DA COMPUTAÇÃO N,4,A,BRUNO IOCHINS GRISCI,SALA DE AULA 107 - P. 43425 - Campus: Vale,26,SEGUNDA,13:30,15:10
INF05501,TEORIA DA COMPUTAÇÃO N,4,A,BRUNO IOCHINS GRISCI,SALA DE AULA 107 - P. 43425 - Campus: Vale,26,QUARTA,13:30,15:10
INF05501,TEORIA DA COMPUTAÇÃO N,4,B,RODRIGO MACHADO,SALA DE AULA 107 - P. 43425 - Campus: Vale,22,TERCA,13:30,15:10
INF05501,TEORIA DA COMPUTAÇÃO N,4,B,RODRIGO MACHADO,SALA DE AULA 107 - P. 43425 - Campus: Vale,22,QUINTA,13:30,15:10
INF05512,TEORIA DOS GRAFOS E ANÁLISE COMBINATÓRIA,4,A,FREDERICO MESSA SCHWARTZHAUPT,SALA DE AULA 111 - PRÉDIO 43425 - Campus: Vale,27,SEGUNDA,13:30,15:10
INF05512,TEORIA DOS GRAFOS E ANÁLISE COMBINATÓRIA,4,A,FREDERICO MESSA SCHWARTZHAUPT,SALA DE AULA 111 - PRÉDIO 43425 - Campus: Vale,27,QUARTA,13:30,15:10
INF05512,TEORIA DOS GRAFOS E ANÁLISE COMBINATÓRIA,4,C,FREDERICO MESSA SCHWARTZHAUPT,SALA DE AULA 111 - PRÉDIO 43425 - Campus: Vale,30,TERCA,13:30,15:10
INF05512,TEORIA DOS GRAFOS E ANÁLISE COMBINATÓRIA,4,C,FREDERICO MESSA SCHWARTZHAUPT,SALA DE AULA 111 - PRÉDIO 43425 - Campus: Vale,30,QUINTA,13:30,15:10
INF01054,TÓPICOS ESPECIAIS EM COMPUTAÇÃO VII,4,U,Mateus Grellert da Silva,,15,TERCA,13:30,15:10
INF01054,TÓPICOS ESPECIAIS EM COMPUTAÇÃO VII,4,U,Mateus Grellert da Silva,,15,QUINTA,13:30,15:10
INF01063,TÓPICOS ESPECIAIS EM COMPUTAÇÃO XII,4,U,LUIGI CARRO,SALA DE AULA 111 - PRÉDIO 43425 - Campus: Vale,15,TERCA,10:30,12:10
INF01063,TÓPICOS ESPECIAIS EM COMPUTAÇÃO XII,4,U,LUIGI CARRO,SALA DE AULA 111 - PRÉDIO 43425 - Campus: Vale,15,QUINTA,10:30,12:10
INF05013,TÓPICOS ESPECIAIS EM COMPUTAÇÃO XV,4,U,BRUNO IOCHINS GRISCI,SALA DE AULA 109 - PRÉDIO 43425 - Campus: Vale,20,SEGUNDA,15:30,17:10
INF05013,TÓPICOS ESPECIAIS EM COMPUTAÇÃO XV,4,U,BRUNO IOCHINS GRISCI,SALA DE AULA 109 - PRÉDIO 43425 - Campus: Vale,20,QUARTA,15:30,17:10
INF01060,TÓPICOS ESPECIAIS EM COMPUTAÇÃO XVIII,4,A,RENAN DE QUEIROZ MAFFEI,,8,SEXTA,8:30,11:50
INF01060,TÓPICOS ESPECIAIS EM COMPUTAÇÃO XVIII,4,B,LUCIANA PORCHER NEDEL,,8,SEXTA,8:30,11:50
INF01060,TÓPICOS ESPECIAIS EM COMPUTAÇÃO XVIII,4,C,MARCELO SOARES PIMENTA,,8,SEXTA,8:30,11:50
INF01060,TÓPICOS ESPECIAIS EM COMPUTAÇÃO XVIII,4,D,EDSON PRESTES E SILVA JUNIOR,,8,SEXTA,8:30,11:50
INF05023,TÓPICOS ESPECIAIS EM COMPUTAÇÃO XXVIII,4,U,MARCUS ROLF PETER RITT,Sala de Aula 106 - 43413 - Campus: Vale,20,SEGUNDA,13:30,15:10
INF05023,TÓPICOS ESPECIAIS EM COMPUTAÇÃO XXVIII,4,U,MARCUS ROLF PETER RITT,Sala de Aula 106 - 43413 - Campus: Vale,20,QUARTA,13:30,15:10
INF01219,TÓPICOS ESPECIAIS EM COMPUTAÇÃO XXXIV,4,U,ANDERSON ROCHA TAVARES,Sala de Aula 106 - 43413 - Campus: Vale,30,TERCA,8:30,11:50
INF01221,TÓPICOS ESPECIAIS EM COMPUTAÇÃO XXXVI,4,U,DENNIS GIOVANI BALREIRA,SALA DE AULA 113 - PRÉDIO 43425 - Campus: Vale,40,SEGUNDA,10:30,12:10
INF01221,TÓPICOS ESPECIAIS EM COMPUTAÇÃO XXXVI,4,U,DENNIS GIOVANI BALREIRA,SALA DE AULA 113 - PRÉDIO 43425 - Campus: Vale,40,QUARTA,10:30,12:10
INF01050,TÓPICOS ESPECIAIS EM ENGENHARIA DE COMPUTAÇÃO I,4,U,MANUEL MENEZES DE OLIVEIRA NETO,SALA DE AULA 113 - PRÉDIO 43425 - Campus: Vale,20,SEGUNDA,15:30,17:10
INF01050,TÓPICOS ESPECIAIS EM ENGENHARIA DE COMPUTAÇÃO I,4,U,MANUEL MENEZES DE OLIVEIRA NETO,SALA DE AULA 113 - PRÉDIO 43425 - Campus: Vale,20,QUARTA,15:30,17:10
INF01053,TÓPICOS ESPECIAIS EM ENGENHARIA DE COMPUTAÇÃO IV,2,A,LEILA RIBEIRO,,5,SEXTA,10:30,12:10
INF01053,TÓPICOS ESPECIAIS EM ENGENHARIA DE COMPUTAÇÃO IV,2,B,Karina Kohl Silveira,,5,SEXTA,10:30,12:10
